claim_id,claim,source_or_input,proof_or_checker,raw_result,figure_or_table,maturity,fresh_recheck_and_boundary
C01,"The retained evidence map contains 97 unique included scholarly works with one-to-one bibliography, extraction, source-location, provenance, and publication-status records.",data/corpus.csv;data/references.bib;data/study_extractions.csv;data/source_locations.csv;data/search_provenance.csv;data/bibliography_verification.csv,scripts/corpus_audit.py;tests/test_corpus.py;tests/test_corpus_mutations.py,results/corpus_summary.json,Methods and artifact,finite_checked,Checks exact key binding and nonblank required fields; does not independently validate source interpretation.
C02,"The corpus contains 34 Android-artifact, 17 TPL, 17 supply-chain, 8 AI-mediated, and 21 review/method records.",data/corpus.csv,scripts/corpus_audit.py,results/corpus_summary.json:strata,Methods corpus table,finite_checked,"Strata are protocol categories, not estimates of field prevalence."
C03,"The corpus contains 76 primary/empirical/system records, including 74 with venue publication evidence, plus 21 review/method records; 93 works are venue-recorded overall.",data/corpus.csv;data/bibliography_verification.csv,scripts/corpus_audit.py;tests/test_corpus.py,results/corpus_summary.json,Methods and limitations,finite_checked,Three active preprints and one technical method report remain explicitly typed; venue records do not imply full-text interpretation.
C04,"Every retained work has one source-specific claim-level extraction with observation, transformation, oracle/policy, ceiling, counter-history, and inference limit.",data/study_extractions.csv;data/corpus.csv,scripts/corpus_audit.py;tests/test_corpus.py,results/corpus_summary.json,Methods,finite_checked,Audit rejects the five retired generic templates and title-interpolation fingerprints; a complete row is still not independent validation of interpretation.
C05,The 21-record prior-review adversary matrix contains no row directly covering all seven dimensions under one uniform binding rule.,data/review_gap_matrix.csv,scripts/corpus_audit.py;tests/test_corpus.py,results/corpus_summary.json:direct_all_dimension_reviews,Table 2 (tab:review-matrix),bounded_positioning,Bounded retained-set result; not worldwide novelty or absence proof.
C06,"Twenty-six load-bearing extractions have cumulative dated source-grounded recheck records, covering 26.8% of the 97 extractions.",data/source_rechecks.csv;data/study_extractions.csv,scripts/corpus_audit.py,results/corpus_summary.json,Methods and limitations,finite_checked,Same authoring process; independent=false and no agreement statistic. Dated records are not a new all-source recheck batch.
C07,"All 97 bibliography entries are cited, with 259 citation occurrences and no duplicate, missing, or uncited keys.",data/references.bib;results/manuscript_bibliography_audit.json,paper-side check_citations.py; snapshot retained here,results/manuscript_bibliography_audit.json,Whole manuscript,finite_checked,Citation consistency does not establish source quality or interpretation.
C08,"Seven claim levels separate identity, composition, resemblance, derivation, process provenance, authorization, and behavioral assurance.",data/synthesis_claims.csv;docs/evidence-boundaries.md,Counter-history analysis,Manuscript synthesis,Figure 1; Tables 3-4,analytical_synthesis,"Claim discipline, not a complete lattice or universal theorem."
C09,Artifact resemblance alone does not uniquely establish derivation direction.,data/synthesis_claims.csv;data/study_extractions.csv,Counter-history analysis,Manuscript synthesis,Section 4; Table 5,source_synthesis,"Direction may come from chronology, source, ownership, or authenticated process evidence."
C10,"Component presence is distinct from application ancestry, exact version, reachability, and exploitability.",data/synthesis_claims.csv;data/study_extractions.csv,Cross-study mechanism/oracle comparison,Manuscript synthesis,Section 5; Table 6,source_synthesis,"Forks, partial inclusion, database scope, and execution environment remain explicit."
C11,Authenticated provenance does not by itself establish benign behavior.,data/synthesis_claims.csv;data/study_extractions.csv,Cross-layer ceiling analysis,Manuscript synthesis,Section 6; Figure 3,source_synthesis,Behavior-specific property and model are still required.
C12,A valid signature does not automatically establish authorization under the relevant policy.,data/synthesis_claims.csv;data/study_extractions.csv,Policy counter-history analysis,Manuscript synthesis,"Sections 3, 6, and 8",source_synthesis,"Role, scope, validity interval, revocation, and policy version remain necessary."
C13,Reproducible bytes do not establish approved inputs or acceptable behavior.,data/synthesis_claims.csv;data/study_extractions.csv,Counter-history analysis,Manuscript synthesis,Sections 6 and 8,source_synthesis,Reproducibility supports equality under declared inputs.
C14,A generation log is not automatically a complete causal history.,data/synthesis_claims.csv;data/study_extractions.csv,Source synthesis and counter-history analysis,Manuscript synthesis,Section 7; Table 8,source_synthesis,"Hidden retrieval, tool state, rejected outputs, manual edits, and drift may remain."
C15,"Cross-layer assurance requires object, predecessor, principal, time, and policy bindings to the same digest or documented relation.",data/synthesis_claims.csv;docs/evidence-boundaries.md,Subclaim/binding analysis,Manuscript synthesis,Figure 3; Tables 9-10,analytical_synthesis,No evidence layer is treated as a numerical substitute for another.
C16,"The retained historical internal manuscript compiled to exactly 35 pages in the supplied acmsmall,screen,review contract, with byte-identical paper/artifact bibliography snapshots, zero BibTeX warnings, and no overfull boxes or undefined citations/references.",results/paper_build_evidence.json;results/manuscript_bibliography_audit.json;paper/main.tex,paper-side build.py and check_citations.py; snapshots retained here,results/paper_build_evidence.json,Compiled PDF,build_checked,The source driver enforces class options and layout guards but permits omission of unassigned ACM reference/copyright furniture. This recorded build does not check repaired source; a new build and visual inspection remain required.
C17,Reading depth is 61 full-or-selected-source records and 36 publisher-abstract-or-selected-source records.,data/corpus.csv,scripts/corpus_audit.py,results/corpus_summary.json:reading_depth,Methods and limitations,computed_limitation,The 36 lighter-depth records are not represented as exhaustively full-text coded.
C18,"The work is a bounded structured evidence synthesis, not a PRISMA-complete review, prevalence meta-analysis, or independent dual-coded study.",data/protocol.json;docs/review-protocol.md,Boundary audit,CURRENT-STATE.md,Methods and limitations,current_limitation,No complete search-hit denominator or agreement statistic is claimed.
C19,The retained historical gap-pilot has 98 cells with conservative unknown handling and a same-process 21-cell recheck.,data/records.csv;data/coverage.csv;data/rechecks.csv,scripts/audit.py,results/coverage_result.json,Supplemental artifact only,finite_checked,Historical bookkeeping pilot; no longer controls manuscript positioning.
C20,"All 19,683 ternary 3x3 matrices agree with a separate completion oracle over 262,144 completion visits.",tests/test_coverage.py;docs/coverage-model.md,scripts/oracle_check.py,results/oracle_result.json,Supplemental artifact only,finite_checked,Validates finite bookkeeping semantics only.
C21,The offline runner completes five bounded serial commands and 55 unit tests.,scripts/reproduce.py;tests,Command runner and unittest,results/reproduction/run.json,Artifact,reproduced,Current local logs are separate from the retained historical results; successful execution validates explicit ledger and mutation-test invariants but not scholarly interpretation.
C22,"External submission readiness remains on hold pending human source verification, live policy/template review, and authorship accountability.",CURRENT-STATE.md;research-plan.md,Artifact-only self-audit,CURRENT-STATE.md,None,readiness_hold,"No upload, submission, outreach, independent review, or acceptance claim is made."
C23,"All 97 retained records have direct scholarly locators, one source-location row, one retained-record provenance row, and one publication-status row; no source-locator placeholder remains.",data/corpus.csv;data/source_locations.csv;data/search_provenance.csv;data/bibliography_verification.csv;data/study_extractions.csv,scripts/corpus_audit.py;tests/test_corpus.py,results/corpus_summary.json,Artifact traceability ledgers,finite_checked,The provenance map is explicitly retrospective and does not reconstruct a complete database-search hit denominator.
C24,"Sixty-five retired generic observations were replaced with source-specific observations; the audit finds zero templated observations, zero unresolved stale leads, and three documented resolved leads in the current 97-record packet.",data/study_extractions.csv;data/resolved_leads.csv;data/unresolved_leads.csv,scripts/corpus_audit.py;tests/test_corpus.py,results/corpus_summary.json,Artifact only,finite_checked,Template elimination improves traceability but is not an independent substantive re-reading of every source.
C25,"Publication-status quarantine binds all 97 active records one-to-one, requires title/year agreement with BibTeX, canonicalizes 82 DOI records, and keeps one withdrawn work only in the exclusion ledger.",data/bibliography_verification.csv;data/excluded_publications.csv;data/references.bib;data/corpus.csv,scripts/corpus_audit.py;tests/test_corpus.py;tests/test_corpus_mutations.py,results/corpus_summary.json,Artifact publication-integrity ledger,finite_checked,Record-level locator/version checking is not a comprehensive retraction-registry search; withdrawn and retracted statuses are rejected from the active corpus.
C26,"The writing-calibration matrix contains 22 source-read papers: 12 closest, five influential/method, and five adjacent evidence papers.",data/calibration_papers.csv;data/corpus.csv,scripts/corpus_audit.py;tests/test_corpus.py;tests/test_corpus_mutations.py,results/corpus_summary.json:calibration_groups,research-plan.md pattern matrix summary,finite_checked,"Calibration transfers explanatory patterns, not wording, claims, or paper-specific structure."
C27,"The paper build rejects nonacm mode, CCS suppression, manual geometry/font overrides, and negative vertical spacing and targets exactly 35 pages.",paper/main.tex;paper/build.py;results/paper_build_evidence.json,paper-side build.py source-contract guard and LaTeX preflight,results/paper_build_evidence.json:template_contract,Compiled PDF and build evidence,build_checked,"Unassigned ACM reference/copyright furniture may be omitted. Retained build evidence is historical; current edits require recompilation. This is not certification of future venue requirements."
C28,"All 35 retained historical publication pages were rendered at 180 DPI and inspected; dense tables, all three native TikZ figures, and the final reference baseline received full-size checks, with no clipping, overlap, broken glyph, missing figure, or table overflow found.",paper/paper.pdf;results/visual-inspection.json,page-by-page same-process visual inspection plus numerically aligned Poppler/PDFium renderer-parity check,results/visual-inspection.json,"All manuscript pages, tables, and figures",visually_checked,"This historical inspection does not apply to repaired source. It was artifact-only and same-process, not an independent blind review or acceptance guarantee."
