name,scholarly_or_official_url,license_or_redistribution_status,access_date,resource_type,acquisition_method,integration_mode,supported_claim,internals_modified
Rebooting Research on Detecting Repackaged Android Apps: Literature Review and Benchmark,https://doi.org/10.1109/TSE.2019.2901679,Citation/extraction metadata only; no copyrighted full text redistributed; upstream rights retained,2026-09-16,scholarly_secondary_or_method_review_and_method,full text or selected source passages plus bibliographic record; exact reading boundary retained in extraction ledger,claim-level extraction at full_or_selected_source depth,secondary synthesis of Android repackaging through its search cutoff,no
Research on Third-Party Libraries in Android Apps: A Taxonomy and Systematic Literature Review,https://doi.org/10.1109/TSE.2021.3114381,Citation/extraction metadata only; no copyrighted full text redistributed; upstream rights retained,2026-09-16,scholarly_secondary_or_method_review_and_method,full text or selected source passages plus bibliographic record; exact reading boundary retained in extraction ledger,claim-level extraction at full_or_selected_source depth,secondary synthesis of Android TPL analysis,no
Static Analysis of Android Apps: A Systematic Literature Review,https://doi.org/10.1016/j.infsof.2017.04.001,Citation/extraction metadata only; no copyrighted full text redistributed; upstream rights retained,2026-09-16,scholarly_secondary_or_method_review_and_method,full text or selected source passages plus bibliographic record; exact reading boundary retained in extraction ledger,claim-level extraction at full_or_selected_source depth,secondary synthesis or evaluation guidance only,no
Automated Testing of Android Apps: A Systematic Literature Review,https://doi.org/10.1109/TR.2018.2865733,Citation/extraction metadata only; no copyrighted full text redistributed; upstream rights retained,2026-09-16,scholarly_secondary_or_method_review_and_method,full text or selected source passages plus bibliographic record; exact reading boundary retained in extraction ledger,claim-level extraction at full_or_selected_source depth,secondary synthesis or evaluation guidance only,no
"Securing Android: A Survey, Taxonomy, and Challenges",https://doi.org/10.1145/2733306,Citation/extraction metadata only; no copyrighted full text redistributed; upstream rights retained,2026-09-16,scholarly_secondary_or_method_review_and_method,full text or selected source passages plus bibliographic record; exact reading boundary retained in extraction ledger,claim-level extraction at full_or_selected_source depth,secondary synthesis or evaluation guidance only,no
Toward Engineering a Secure Android Ecosystem: A Survey of Existing Techniques,https://doi.org/10.1145/2963145,Citation/extraction metadata only; no copyrighted full text redistributed; upstream rights retained,2026-09-16,scholarly_secondary_or_method_review_and_method,full text or selected source passages plus bibliographic record; exact reading boundary retained in extraction ledger,claim-level extraction at full_or_selected_source depth,secondary synthesis or evaluation guidance only,no
The Evolution of Android Malware and Android Analysis Techniques,https://doi.org/10.1145/3017427,Citation/extraction metadata only; no copyrighted full text redistributed; upstream rights retained,2026-09-16,scholarly_secondary_or_method_review_and_method,full text or selected source passages plus bibliographic record; exact reading boundary retained in extraction ledger,claim-level extraction at full_or_selected_source depth,secondary synthesis or evaluation guidance only,no
Lessons from Applying the Systematic Literature Review Process within the Software Engineering Domain,https://doi.org/10.1016/j.jss.2006.07.009,Citation/extraction metadata only; no copyrighted full text redistributed; upstream rights retained,2026-09-16,scholarly_secondary_or_method_review_and_method,full text or selected source passages plus bibliographic record; exact reading boundary retained in extraction ledger,claim-level extraction at full_or_selected_source depth,secondary synthesis or evaluation guidance only,no
Guidelines for Snowballing in Systematic Literature Studies and a Replication in Software Engineering,https://doi.org/10.1145/2601248.2601268,Citation/extraction metadata only; no copyrighted full text redistributed; upstream rights retained,2026-09-16,scholarly_secondary_or_method_review_and_method,full text or selected source passages plus bibliographic record; exact reading boundary retained in extraction ledger,claim-level extraction at full_or_selected_source depth,secondary synthesis or evaluation guidance only,no
Procedures for Performing Systematic Reviews,https://www.inf.ufsc.br/~aldo.vw/kitchenham.pdf,Citation/extraction metadata only; no copyrighted full text redistributed; upstream rights retained,2026-09-16,scholarly_secondary_or_method_review_and_method,full text or selected source passages plus bibliographic record; exact reading boundary retained in extraction ledger,claim-level extraction at full_or_selected_source depth,secondary synthesis or evaluation guidance only,no
Wake Up and Smell the Coffee: Evaluation Methodology for the 21st Century,https://doi.org/10.1145/1378704.1378723,Citation/extraction metadata only; no copyrighted full text redistributed; upstream rights retained,2026-09-16,scholarly_secondary_or_method_review_and_method,full text or selected source passages plus bibliographic record; exact reading boundary retained in extraction ledger,claim-level extraction at full_or_selected_source depth,secondary synthesis or evaluation guidance only,no
SoK: A Defense-Oriented Evaluation of Software Supply Chain Security,https://ieeexplore.ieee.org/document/11624354,Citation/extraction metadata only; no copyrighted full text redistributed; upstream rights retained,2026-09-16,scholarly_secondary_or_method_review_and_method,full text or selected source passages plus bibliographic record; exact reading boundary retained in extraction ledger,claim-level extraction at full_or_selected_source depth,secondary synthesis or evaluation guidance only,no
SoK: Analysis of Software Supply Chain Security by Establishing Secure Design Properties,https://doi.org/10.1145/3560835.3564556,Citation/extraction metadata only; no copyrighted full text redistributed; upstream rights retained,2026-09-16,scholarly_secondary_or_method_review_and_method,full text or selected source passages plus bibliographic record; exact reading boundary retained in extraction ledger,claim-level extraction at full_or_selected_source depth,secondary synthesis or evaluation guidance only,no
SoK: Taxonomy of Attacks on Open-Source Software Supply Chains,https://doi.org/10.1109/SP46215.2023.10179304,Citation/extraction metadata only; no copyrighted full text redistributed; upstream rights retained,2026-09-16,scholarly_secondary_or_method_review_and_method,full text or selected source passages plus bibliographic record; exact reading boundary retained in extraction ledger,claim-level extraction at full_or_selected_source depth,secondary synthesis or evaluation guidance only,no
SoK: Practical Detection of Software Supply Chain Attacks,https://doi.org/10.1145/3600160.3600162,Citation/extraction metadata only; no copyrighted full text redistributed; upstream rights retained,2026-09-16,scholarly_secondary_or_method_review_and_method,full text or selected source passages plus bibliographic record; exact reading boundary retained in extraction ledger,claim-level extraction at full_or_selected_source depth,secondary synthesis or evaluation guidance only,no
Detecting Repackaged Smartphone Applications in Third-Party Android Marketplaces,https://doi.org/10.1145/2133601.2133640,Citation/extraction metadata only; no copyrighted full text redistributed; upstream rights retained,2026-09-16,scholarly_primary_or_system_android_artifact,full text or selected source passages plus bibliographic record; exact reading boundary retained in extraction ledger,claim-level extraction at full_or_selected_source depth,L2 resemblance and labeled-case evidence,no
Attack of the Clones: Detecting Cloned Applications on Android Markets,https://doi.org/10.1007/978-3-642-33167-1_3,Citation/extraction metadata only; no copyrighted full text redistributed; upstream rights retained,2026-09-16,scholarly_primary_or_system_android_artifact,full text or selected source passages plus bibliographic record; exact reading boundary retained in extraction ledger,claim-level extraction at full_or_selected_source depth,L2 resemblance unless the source supplies additional direction or behavior evidence,no
AdRob: Examining the Landscape and Impact of Android Application Plagiarism,https://doi.org/10.1145/2462456.2464461,Citation/extraction metadata only; no copyrighted full text redistributed; upstream rights retained,2026-09-16,scholarly_primary_or_system_android_artifact,publisher/author abstract or selected source passage plus bibliographic record; no full-text completeness claim,claim-level extraction at publisher_abstract_or_selected_source depth,L2 resemblance unless the source supplies additional direction or behavior evidence,no
AppInk: Watermarking Android Apps for Repackaging Deterrence,https://doi.org/10.1145/2484313.2484315,Citation/extraction metadata only; no copyrighted full text redistributed; upstream rights retained,2026-09-16,scholarly_primary_or_system_android_artifact,publisher/author abstract or selected source passage plus bibliographic record; no full-text completeness claim,claim-level extraction at publisher_abstract_or_selected_source depth,L3 ownership/derivation evidence only when watermark provenance and keys are trusted,no
DroidMarking: Resilient Software Watermarking for Impeding Android Application Repackaging,https://doi.org/10.1145/2642937.2642977,Citation/extraction metadata only; no copyrighted full text redistributed; upstream rights retained,2026-09-16,scholarly_primary_or_system_android_artifact,publisher/author abstract or selected source passage plus bibliographic record; no full-text completeness claim,claim-level extraction at publisher_abstract_or_selected_source depth,L3 derivation/ownership evidence under watermark assumptions,no
CodeMatch: Obfuscation Won't Conceal Your Repackaged App,https://doi.org/10.1145/3106237.3106305,Citation/extraction metadata only; no copyrighted full text redistributed; upstream rights retained,2026-09-16,scholarly_primary_or_system_android_artifact,full text or selected source passages plus bibliographic record; exact reading boundary retained in extraction ledger,claim-level extraction at full_or_selected_source depth,L2 resemblance unless the source supplies additional direction or behavior evidence,no
Detection of Repackaged Android Malware with Code-Heterogeneity Features,https://doi.org/10.1109/TDSC.2017.2745575,Citation/extraction metadata only; no copyrighted full text redistributed; upstream rights retained,2026-09-16,scholarly_primary_or_system_android_artifact,publisher/author abstract or selected source passage plus bibliographic record; no full-text completeness claim,claim-level extraction at publisher_abstract_or_selected_source depth,L2 resemblance unless the source supplies additional direction or behavior evidence,no
DAPASA: Detecting Android Piggybacked Apps through Sensitive Subgraph Analysis,https://doi.org/10.1109/TIFS.2017.2687880,Citation/extraction metadata only; no copyrighted full text redistributed; upstream rights retained,2026-09-16,scholarly_primary_or_system_android_artifact,full text or selected source passages plus bibliographic record; exact reading boundary retained in extraction ledger,claim-level extraction at full_or_selected_source depth,L2 resemblance unless the source supplies additional direction or behavior evidence,no
Appraiser: A Large Scale Analysis of Android Clone Apps,https://doi.org/10.1587/transinf.2016ICP0012,Citation/extraction metadata only; no copyrighted full text redistributed; upstream rights retained,2026-09-16,scholarly_primary_or_system_android_artifact,publisher/author abstract or selected source passage plus bibliographic record; no full-text completeness claim,claim-level extraction at publisher_abstract_or_selected_source depth,L2 resemblance unless the source supplies additional direction or behavior evidence,no
RepDroid: An Automated Tool for Android Application Repackaging Detection,https://doi.org/10.1109/ICPC.2017.16,Citation/extraction metadata only; no copyrighted full text redistributed; upstream rights retained,2026-09-16,scholarly_primary_or_system_android_artifact,publisher/author abstract or selected source passage plus bibliographic record; no full-text completeness claim,claim-level extraction at publisher_abstract_or_selected_source depth,L2 resemblance unless the source supplies additional direction or behavior evidence,no
SimiDroid: Identifying and Explaining Similarities in Android Apps,https://doi.org/10.1109/Trustcom/BigDataSE/ICESS.2017.230,Citation/extraction metadata only; no copyrighted full text redistributed; upstream rights retained,2026-09-16,scholarly_primary_or_system_android_artifact,full text or selected source passages plus bibliographic record; exact reading boundary retained in extraction ledger,claim-level extraction at full_or_selected_source depth,L2 resemblance unless the source supplies additional direction or behavior evidence,no
On Automatically Detecting Similar Android Apps,https://doi.org/10.1109/ICPC.2016.7503721,Citation/extraction metadata only; no copyrighted full text redistributed; upstream rights retained,2026-09-16,scholarly_primary_or_system_android_artifact,publisher/author abstract or selected source passage plus bibliographic record; no full-text completeness claim,claim-level extraction at publisher_abstract_or_selected_source depth,L2 resemblance unless the source supplies additional direction or behavior evidence,no
Evaluation of Resource-Based App Repackaging Detection in Android,https://doi.org/10.1007/978-3-319-47560-8_9,Citation/extraction metadata only; no copyrighted full text redistributed; upstream rights retained,2026-09-16,scholarly_primary_or_system_android_artifact,full text or selected source passages plus bibliographic record; exact reading boundary retained in extraction ledger,claim-level extraction at full_or_selected_source depth,L2 resemblance unless the source supplies additional direction or behavior evidence,no
Semantics-Based Repackaging Detection for Mobile Apps,https://doi.org/10.1007/978-3-319-30806-7_6,Citation/extraction metadata only; no copyrighted full text redistributed; upstream rights retained,2026-09-16,scholarly_primary_or_system_android_artifact,publisher/author abstract or selected source passage plus bibliographic record; no full-text completeness claim,claim-level extraction at publisher_abstract_or_selected_source depth,L2 resemblance unless the source supplies additional direction or behavior evidence,no
AndroSimilar: Robust Signature for Detecting Variants of Android Malware,https://doi.org/10.1016/j.jisa.2014.10.011,Citation/extraction metadata only; no copyrighted full text redistributed; upstream rights retained,2026-09-16,scholarly_primary_or_system_android_artifact,publisher/author abstract or selected source passage plus bibliographic record; no full-text completeness claim,claim-level extraction at publisher_abstract_or_selected_source depth,L2 resemblance unless the source supplies additional direction or behavior evidence,no
DroidEagle: Seamless Detection of Visually Similar Android Apps,https://doi.org/10.1145/2766498.2766508,Citation/extraction metadata only; no copyrighted full text redistributed; upstream rights retained,2026-09-16,scholarly_primary_or_system_android_artifact,publisher/author abstract or selected source passage plus bibliographic record; no full-text completeness claim,claim-level extraction at publisher_abstract_or_selected_source depth,L2 resemblance unless the source supplies additional direction or behavior evidence,no
Finding Unknown Malice in 10 Seconds: Mass Vetting for New Threats at the Google-Play Scale,https://www.usenix.org/conference/usenixsecurity15/technical-sessions/presentation/chen-kai,Citation/extraction metadata only; no copyrighted full text redistributed; upstream rights retained,2026-09-16,scholarly_primary_or_system_android_artifact,full text or selected source passages plus bibliographic record; exact reading boundary retained in extraction ledger,claim-level extraction at full_or_selected_source depth,L2 resemblance unless the source supplies additional direction or behavior evidence,no
WuKong: A Scalable and Accurate Two-Phase Approach to Android App Clone Detection,https://doi.org/10.1145/2771783.2771795,Citation/extraction metadata only; no copyrighted full text redistributed; upstream rights retained,2026-09-16,scholarly_primary_or_system_android_artifact,publisher/author abstract or selected source passage plus bibliographic record; no full-text completeness claim,claim-level extraction at publisher_abstract_or_selected_source depth,L2 resemblance unless the source supplies additional direction or behavior evidence,no
Andarwin: Scalable Detection of Android Application Clones Based on Semantics,https://doi.org/10.1109/TMC.2014.2381212,Citation/extraction metadata only; no copyrighted full text redistributed; upstream rights retained,2026-09-16,scholarly_primary_or_system_android_artifact,full text or selected source passages plus bibliographic record; exact reading boundary retained in extraction ledger,claim-level extraction at full_or_selected_source depth,L2 resemblance unless the source supplies additional direction or behavior evidence,no
Achieving Accuracy and Scalability Simultaneously in Detecting Application Clones on Android Markets,https://doi.org/10.1145/2568225.2568286,Citation/extraction metadata only; no copyrighted full text redistributed; upstream rights retained,2026-09-16,scholarly_primary_or_system_android_artifact,publisher/author abstract or selected source passage plus bibliographic record; no full-text completeness claim,claim-level extraction at publisher_abstract_or_selected_source depth,L2 resemblance unless the source supplies additional direction or behavior evidence,no
FSquaDRA: Fast Detection of Repackaged Applications,https://doi.org/10.1007/978-3-662-43936-4_9,Citation/extraction metadata only; no copyrighted full text redistributed; upstream rights retained,2026-09-16,scholarly_primary_or_system_android_artifact,full text or selected source passages plus bibliographic record; exact reading boundary retained in extraction ledger,claim-level extraction at full_or_selected_source depth,L2 resemblance unless the source supplies additional direction or behavior evidence,no
Towards a Scalable Resource-Driven Approach for Detecting Repackaged Android Applications,https://doi.org/10.1145/2664243.2664275,Citation/extraction metadata only; no copyrighted full text redistributed; upstream rights retained,2026-09-16,scholarly_primary_or_system_android_artifact,publisher/author abstract or selected source passage plus bibliographic record; no full-text completeness claim,claim-level extraction at publisher_abstract_or_selected_source depth,L2 resemblance unless the source supplies additional direction or behavior evidence,no
ViewDroid: Towards Obfuscation-Resilient Mobile Application Repackaging Detection,https://doi.org/10.1145/2627393.2627395,Citation/extraction metadata only; no copyrighted full text redistributed; upstream rights retained,2026-09-16,scholarly_primary_or_system_android_artifact,full text or selected source passages plus bibliographic record; exact reading boundary retained in extraction ledger,claim-level extraction at full_or_selected_source depth,L2 resemblance unless the source supplies additional direction or behavior evidence,no
DroidKin: Lightweight Detection of Android Apps Similarity,https://doi.org/10.1007/978-3-319-23829-6_30,Citation/extraction metadata only; no copyrighted full text redistributed; upstream rights retained,2026-09-16,scholarly_primary_or_system_android_artifact,publisher/author abstract or selected source passage plus bibliographic record; no full-text completeness claim,claim-level extraction at publisher_abstract_or_selected_source depth,L2 resemblance unless the source supplies additional direction or behavior evidence,no
Juxtapp: A Scalable System for Detecting Code Reuse among Android Applications,https://doi.org/10.1007/978-3-642-37300-8_4,Citation/extraction metadata only; no copyrighted full text redistributed; upstream rights retained,2026-09-16,scholarly_primary_or_system_android_artifact,publisher/author abstract or selected source passage plus bibliographic record; no full-text completeness claim,claim-level extraction at publisher_abstract_or_selected_source depth,L2 resemblance unless the source supplies additional direction or behavior evidence,no
Plagiarizing Smartphone Applications: Attack Strategies and Defense Techniques,https://doi.org/10.1007/978-3-642-28166-2_11,Citation/extraction metadata only; no copyrighted full text redistributed; upstream rights retained,2026-09-16,scholarly_primary_or_system_android_artifact,publisher/author abstract or selected source passage plus bibliographic record; no full-text completeness claim,claim-level extraction at publisher_abstract_or_selected_source depth,L2 resemblance unless the source supplies additional direction or behavior evidence,no
Understanding Reuse in the Android Market,https://doi.org/10.1109/ICPC.2012.6240477,Citation/extraction metadata only; no copyrighted full text redistributed; upstream rights retained,2026-09-16,scholarly_primary_or_system_android_artifact,publisher/author abstract or selected source passage plus bibliographic record; no full-text completeness claim,claim-level extraction at publisher_abstract_or_selected_source depth,L2 resemblance unless the source supplies additional direction or behavior evidence,no
Understanding Android App Piggybacking: A Systematic Study of Malicious Code Grafting,https://doi.org/10.1109/TIFS.2017.2656460,Citation/extraction metadata only; no copyrighted full text redistributed; upstream rights retained,2026-09-16,scholarly_primary_or_system_android_artifact,full text or selected source passages plus bibliographic record; exact reading boundary retained in extraction ledger,claim-level extraction at full_or_selected_source depth,L2 resemblance unless the source supplies additional direction or behavior evidence,no
A Framework for Evaluating Mobile App Repackaging Detection Algorithms,https://doi.org/10.1007/978-3-642-38908-5_13,Citation/extraction metadata only; no copyrighted full text redistributed; upstream rights retained,2026-09-16,scholarly_primary_or_system_android_artifact,full text or selected source passages plus bibliographic record; exact reading boundary retained in extraction ledger,claim-level extraction at full_or_selected_source depth,L2 resemblance unless the source supplies additional direction or behavior evidence,no
AndroZoo: Collecting Millions of Android Apps for the Research Community,https://doi.org/10.1145/2901739.2903508,Citation/extraction metadata only; no copyrighted full text redistributed; upstream rights retained,2026-09-16,scholarly_primary_or_system_android_artifact,full text or selected source passages plus bibliographic record; exact reading boundary retained in extraction ledger,claim-level extraction at full_or_selected_source depth,dataset and evaluation substrate,no
DroidChameleon: Evaluating Android Anti-Malware against Transformation Attacks,https://doi.org/10.1145/2484313.2484355,Citation/extraction metadata only; no copyrighted full text redistributed; upstream rights retained,2026-09-16,scholarly_primary_or_system_android_artifact,full text or selected source passages plus bibliographic record; exact reading boundary retained in extraction ledger,claim-level extraction at full_or_selected_source depth,L2 resemblance unless the source supplies additional direction or behavior evidence,no
DREBIN: Effective and Explainable Detection of Android Malware in Your Pocket,https://www.ndss-symposium.org/ndss2014/ndss-2014-programme/drebin-effective-and-explainable-detection-android-malware-your-pocket/,Citation/extraction metadata only; no copyrighted full text redistributed; upstream rights retained,2026-09-16,scholarly_primary_or_system_android_artifact,publisher/author abstract or selected source passage plus bibliographic record; no full-text completeness claim,claim-level extraction at publisher_abstract_or_selected_source depth,L6 classifier evidence under its dataset and feature model,no
MaMaDroid: Detecting Android Malware by Building Markov Chains of Behavioral Models,https://arxiv.org/abs/1711.07477,Citation/extraction metadata only; no copyrighted full text redistributed; upstream rights retained,2026-09-16,scholarly_primary_or_system_android_artifact,selected full-text sections plus bibliographic record; exact reading boundary retained in source_locations.csv,claim-level extraction at full_or_selected_source depth,L6 classifier evidence under its dataset and abstraction,no
"FlowDroid: Precise Context, Flow, Field, Object-Sensitive and Lifecycle-Aware Taint Analysis for Android Apps",https://doi.org/10.1145/2594291.2594299,Citation/extraction metadata only; no copyrighted full text redistributed; upstream rights retained,2026-09-16,scholarly_primary_or_system_android_artifact,full text or selected source passages plus bibliographic record; exact reading boundary retained in extraction ledger,claim-level extraction at full_or_selected_source depth,L6 behavior-specific static evidence under its analysis model,no
An Investigation into the Use of Common Libraries in Android Apps,https://doi.org/10.1109/SANER.2016.52,Citation/extraction metadata only; no copyrighted full text redistributed; upstream rights retained,2026-09-16,scholarly_primary_or_system_third_party_library,publisher/author abstract or selected source passage plus bibliographic record; no full-text completeness claim,claim-level extraction at publisher_abstract_or_selected_source depth,"L1 composition, with L2/L6 only where separately observed",no
LibD: Scalable and Precise Third-Party Library Detection in Android Markets,https://doi.org/10.1109/ICSE.2017.38,Citation/extraction metadata only; no copyrighted full text redistributed; upstream rights retained,2026-09-16,scholarly_primary_or_system_third_party_library,full text or selected source passages plus bibliographic record; exact reading boundary retained in extraction ledger,claim-level extraction at full_or_selected_source depth,"L1 composition, with L2/L6 only where separately observed",no
LibRadar: Fast and Accurate Detection of Third-Party Libraries in Android Apps,https://doi.org/10.1145/2889160.2889178,Citation/extraction metadata only; no copyrighted full text redistributed; upstream rights retained,2026-09-16,scholarly_primary_or_system_third_party_library,full text or selected source passages plus bibliographic record; exact reading boundary retained in extraction ledger,claim-level extraction at full_or_selected_source depth,"L1 composition, with L2/L6 only where separately observed",no
Reliable Third-Party Library Detection in Android and Its Security Applications,https://doi.org/10.1145/2976749.2978333,Citation/extraction metadata only; no copyrighted full text redistributed; upstream rights retained,2026-09-16,scholarly_primary_or_system_third_party_library,full text or selected source passages plus bibliographic record; exact reading boundary retained in extraction ledger,claim-level extraction at full_or_selected_source depth,L1 family/version evidence under its reference database,no
LibID: Reliable Identification of Obfuscated Third-Party Android Libraries,https://doi.org/10.1145/3293882.3330563,Citation/extraction metadata only; no copyrighted full text redistributed; upstream rights retained,2026-09-16,scholarly_primary_or_system_third_party_library,full text or selected source passages plus bibliographic record; exact reading boundary retained in extraction ledger,claim-level extraction at full_or_selected_source depth,"L1 composition, with L2/L6 only where separately observed",no
ORLIS: Obfuscation-Resilient Library Detection for Android,https://doi.org/10.1145/3197231.3197248,Citation/extraction metadata only; no copyrighted full text redistributed; upstream rights retained,2026-09-16,scholarly_primary_or_system_third_party_library,full text or selected source passages plus bibliographic record; exact reading boundary retained in extraction ledger,claim-level extraction at full_or_selected_source depth,"L1 composition, with L2/L6 only where separately observed",no
ATVHunter: Reliable Version Detection of Third-Party Libraries for Vulnerability Identification in Android Applications,https://doi.org/10.1109/ICSE43902.2021.00150,Citation/extraction metadata only; no copyrighted full text redistributed; upstream rights retained,2026-09-16,scholarly_primary_or_system_third_party_library,full text or selected source passages plus bibliographic record; exact reading boundary retained in extraction ledger,claim-level extraction at full_or_selected_source depth,L1 version evidence plus vulnerability linkage,no
Automated Third-Party Library Detection for Android Applications: Are We There Yet?,https://doi.org/10.1145/3324884.3416582,Citation/extraction metadata only; no copyrighted full text redistributed; upstream rights retained,2026-09-16,scholarly_primary_or_system_third_party_library,full text or selected source passages plus bibliographic record; exact reading boundary retained in extraction ledger,claim-level extraction at full_or_selected_source depth,"L1 composition, with L2/L6 only where separately observed",no
LibDX: A Cross-Platform and Accurate System to Detect Third-Party Libraries in Binary Code,https://doi.org/10.1109/SANER48275.2020.9054845,Citation/extraction metadata only; no copyrighted full text redistributed; upstream rights retained,2026-09-16,scholarly_primary_or_system_third_party_library,publisher/author abstract or selected source passage plus bibliographic record; no full-text completeness claim,claim-level extraction at publisher_abstract_or_selected_source depth,"L1 composition, with L2/L6 only where separately observed",no
"LibRoad: Rapid, Online, and Accurate Detection of Third-Party Libraries on Android",https://doi.org/10.1109/TMC.2020.3003336,Citation/extraction metadata only; no copyrighted full text redistributed; upstream rights retained,2026-09-16,scholarly_primary_or_system_third_party_library,publisher/author abstract or selected source passage plus bibliographic record; no full-text completeness claim,claim-level extraction at publisher_abstract_or_selected_source depth,"L1 composition, with L2/L6 only where separately observed",no
Identifying Open-Source License Violation and 1-Day Security Risk at Large Scale,https://doi.org/10.1145/3133956.3134048,Citation/extraction metadata only; no copyrighted full text redistributed; upstream rights retained,2026-09-16,scholarly_primary_or_system_third_party_library,full text or selected source passages plus bibliographic record; exact reading boundary retained in extraction ledger,claim-level extraction at full_or_selected_source depth,"L1 composition, with L2/L6 only where separately observed",no
Keep Me Updated: An Empirical Study of Third-Party Library Updatability on Android,https://doi.org/10.1145/3133956.3134059,Citation/extraction metadata only; no copyrighted full text redistributed; upstream rights retained,2026-09-16,scholarly_primary_or_system_third_party_library,full text or selected source passages plus bibliographic record; exact reading boundary retained in extraction ledger,claim-level extraction at full_or_selected_source depth,"L1 composition, with L2/L6 only where separately observed",no
Do Developers Update Third-Party Libraries in Mobile Apps?,https://doi.org/10.1145/3196321.3196341,Citation/extraction metadata only; no copyrighted full text redistributed; upstream rights retained,2026-09-16,scholarly_primary_or_system_third_party_library,publisher/author abstract or selected source passage plus bibliographic record; no full-text completeness claim,claim-level extraction at publisher_abstract_or_selected_source depth,"L1 composition, with L2/L6 only where separately observed",no
Understanding the Origins of Mobile App Vulnerabilities: A Large-Scale Measurement Study of Free and Paid Apps,https://doi.org/10.1109/MSR.2017.23,Citation/extraction metadata only; no copyrighted full text redistributed; upstream rights retained,2026-09-16,scholarly_primary_or_system_third_party_library,publisher/author abstract or selected source passage plus bibliographic record; no full-text completeness claim,claim-level extraction at publisher_abstract_or_selected_source depth,"L1 composition, with L2/L6 only where separately observed",no
AppCommune: Automated Third-Party Libraries De-Duplicating and Updating for Android Apps,https://doi.org/10.1109/SANER.2019.8668009,Citation/extraction metadata only; no copyrighted full text redistributed; upstream rights retained,2026-09-16,scholarly_primary_or_system_third_party_library,publisher/author abstract or selected source passage plus bibliographic record; no full-text completeness claim,claim-level extraction at publisher_abstract_or_selected_source depth,"L1 composition, with L2/L6 only where separately observed",no
Detecting Third-Party Libraries in Android Applications with High Precision and Recall,https://doi.org/10.1109/SANER.2018.8330204,Citation/extraction metadata only; no copyrighted full text redistributed; upstream rights retained,2026-09-16,scholarly_primary_or_system_third_party_library,publisher/author abstract or selected source passage plus bibliographic record; no full-text completeness claim,claim-level extraction at publisher_abstract_or_selected_source depth,"L1 composition, with L2/L6 only where separately observed",no
An Empirical Study of Potentially Malicious Third-Party Libraries in Android Apps,https://doi.org/10.1145/3395351.3399346,Citation/extraction metadata only; no copyrighted full text redistributed; upstream rights retained,2026-09-16,scholarly_primary_or_system_third_party_library,publisher/author abstract or selected source passage plus bibliographic record; no full-text completeness claim,claim-level extraction at publisher_abstract_or_selected_source depth,"L1 composition, with L2/L6 only where separately observed",no
Survivable Key Compromise in Software Update Systems,https://doi.org/10.1145/1866307.1866315,Citation/extraction metadata only; no copyrighted full text redistributed; upstream rights retained,2026-09-16,scholarly_primary_or_system_supply_chain,full text or selected source passages plus bibliographic record; exact reading boundary retained in extraction ledger,claim-level extraction at full_or_selected_source depth,L5 authorization for repository metadata under policy,no
in-toto: Providing Farm-to-Table Guarantees for Bits and Bytes,https://www.usenix.org/conference/usenixsecurity19/presentation/torres-arias,Citation/extraction metadata only; no copyrighted full text redistributed; upstream rights retained,2026-09-16,scholarly_primary_or_system_supply_chain,full text or selected source passages plus bibliographic record; exact reading boundary retained in extraction ledger,claim-level extraction at full_or_selected_source depth,L4 process provenance and scoped L5 authorization,no
CHAINIAC: Proactive Software-Update Transparency via Collectively Signed Skipchains and Verified Builds,https://www.usenix.org/conference/usenixsecurity17/technical-sessions/presentation/nikitin,Citation/extraction metadata only; no copyrighted full text redistributed; upstream rights retained,2026-09-16,scholarly_primary_or_system_supply_chain,full text or selected source passages plus bibliographic record; exact reading boundary retained in extraction ledger,claim-level extraction at full_or_selected_source depth,L4 process provenance or L5 authorization; L6 only for a separately measured security outcome,no
Sigstore: Software Signing for Everybody,https://doi.org/10.1145/3548606.3560596,Citation/extraction metadata only; no copyrighted full text redistributed; upstream rights retained,2026-09-16,scholarly_primary_or_system_supply_chain,full text or selected source passages plus bibliographic record; exact reading boundary retained in extraction ledger,claim-level extraction at full_or_selected_source depth,signed-artifact identity binding and authenticated publication; L5 requires release policy,no
Diplomat: Using Delegations to Protect Community Repositories,https://www.usenix.org/conference/nsdi16/technical-sessions/presentation/kuppusamy,Citation/extraction metadata only; no copyrighted full text redistributed; upstream rights retained,2026-09-16,scholarly_primary_or_system_supply_chain,publisher/author abstract or selected source passage plus bibliographic record; no full-text completeness claim,claim-level extraction at publisher_abstract_or_selected_source depth,L4 process provenance or L5 authorization; L6 only for a separately measured security outcome,no
Reproducible Builds: Increasing the Integrity of Software Supply Chains,https://doi.org/10.1109/MS.2021.3073045,Citation/extraction metadata only; no copyrighted full text redistributed; upstream rights retained,2026-09-16,scholarly_primary_or_system_supply_chain,full text or selected source passages plus bibliographic record; exact reading boundary retained in extraction ledger,claim-level extraction at full_or_selected_source depth,L0 output identity under controlled inputs,no
Reproducible Containers,https://doi.org/10.1145/3373376.3378519,Citation/extraction metadata only; no copyrighted full text redistributed; upstream rights retained,2026-09-16,scholarly_primary_or_system_supply_chain,publisher/author abstract or selected source passage plus bibliographic record; no full-text completeness claim,claim-level extraction at publisher_abstract_or_selected_source depth,L0 output identity and model-scoped functional reproducibility; no release authorization,no
Characterizing the Security of GitHub CI Workflows,https://www.usenix.org/conference/usenixsecurity22/presentation/koishybayev,Citation/extraction metadata only; no copyrighted full text redistributed; upstream rights retained,2026-09-16,scholarly_primary_or_system_supply_chain,full text or selected source passages plus bibliographic record; exact reading boundary retained in extraction ledger,claim-level extraction at full_or_selected_source depth,L6 ecosystem/workflow risk evidence,no
A Look in the Mirror: Attacks on Package Managers,https://doi.org/10.1145/1455770.1455841,Citation/extraction metadata only; no copyrighted full text redistributed; upstream rights retained,2026-09-16,scholarly_primary_or_system_supply_chain,publisher/author abstract or selected source passage plus bibliographic record; no full-text completeness claim,claim-level extraction at publisher_abstract_or_selected_source depth,L6 threat evidence and design requirements,no
Towards Measuring Supply Chain Attacks on Package Managers for Interpreted Languages,https://doi.org/10.14722/ndss.2021.23055,Citation/extraction metadata only; no copyrighted full text redistributed; upstream rights retained,2026-09-16,scholarly_primary_or_system_supply_chain,full text or selected source passages plus bibliographic record; exact reading boundary retained in extraction ledger,claim-level extraction at full_or_selected_source depth,L6 ecosystem security evidence,no
Backstabber's Knife Collection: A Review of Open Source Software Supply Chain Attacks,https://doi.org/10.1007/978-3-030-52683-2_2,Citation/extraction metadata only; no copyrighted full text redistributed; upstream rights retained,2026-09-16,scholarly_primary_or_system_supply_chain,publisher/author abstract or selected source passage plus bibliographic record; no full-text completeness claim,claim-level extraction at publisher_abstract_or_selected_source depth,model-scoped incident observations; no authenticated production history or authorization,no
Small World with High Risks: A Study of Security Threats in the npm Ecosystem,https://www.usenix.org/conference/usenixsecurity19/presentation/zimmermann,Citation/extraction metadata only; no copyrighted full text redistributed; upstream rights retained,2026-09-16,scholarly_primary_or_system_supply_chain,full text or selected source passages plus bibliographic record; exact reading boundary retained in extraction ledger,claim-level extraction at full_or_selected_source depth,L1 dependency composition and scoped L6 ecosystem-risk observations; no artifact authorization,no
What Are Weak Links in the npm Supply Chain?,https://doi.org/10.1145/3510457.3513044,Citation/extraction metadata only; no copyrighted full text redistributed; upstream rights retained,2026-09-16,scholarly_primary_or_system_supply_chain,publisher/author abstract or selected source passage plus bibliographic record; no full-text completeness claim,claim-level extraction at publisher_abstract_or_selected_source depth,L1 package metadata and scoped L6 risk indicators; no artifact authorization,no
Le-git-imate: Towards Verifiable Web-Based Git Repositories,https://doi.org/10.1145/3196494.3196523,Citation/extraction metadata only; no copyrighted full text redistributed; upstream rights retained,2026-09-16,scholarly_primary_or_system_supply_chain,publisher/author abstract or selected source passage plus bibliographic record; no full-text completeness claim,claim-level extraction at publisher_abstract_or_selected_source depth,L4 process provenance or L5 authorization; L6 only for a separately measured security outcome,no
Contour: A Practical System for Binary Transparency,https://link.springer.com/chapter/10.1007/978-3-030-00305-0_8,Citation/extraction metadata only; no copyrighted full text redistributed; upstream rights retained,2026-09-16,scholarly_primary_or_system_supply_chain,publisher/author abstract or selected source passage plus bibliographic record; no full-text completeness claim,claim-level extraction at publisher_abstract_or_selected_source depth,authenticated binary publication; no L4 build trace; L5 requires release policy,no
Text2App: A Framework for Creating Android Apps from Text Descriptions,https://arxiv.org/abs/2104.08301,Citation/extraction metadata only; no copyrighted full text redistributed; upstream rights retained,2026-09-16,scholarly_primary_or_system_ai_mediated,full text or selected source passages plus bibliographic record; exact reading boundary retained in extraction ledger,claim-level extraction at full_or_selected_source depth,feasibility of an AI-mediated Android creation transformation,no
AppForge: From Assistant to Independent Developer---Are GPTs Ready for Software Development?,https://arxiv.org/abs/2510.07740,Citation/extraction metadata only; no copyrighted full text redistributed; upstream rights retained,2026-09-16,scholarly_primary_or_system_ai_mediated,full text or selected source passages plus bibliographic record; exact reading boundary retained in extraction ledger,claim-level extraction at full_or_selected_source depth,AI-mediated multi-step artifact creation context,no
Asleep at the Keyboard? Assessing the Security of GitHub Copilot's Code Contributions,https://doi.org/10.1109/SP46214.2022.9833571,Citation/extraction metadata only; no copyrighted full text redistributed; upstream rights retained,2026-09-16,scholarly_primary_or_system_ai_mediated,full text or selected source passages plus bibliographic record; exact reading boundary retained in extraction ledger,claim-level extraction at full_or_selected_source depth,L6 task-specific generated-code security evidence,no
Do Users Write More Insecure Code with AI Assistants?,https://doi.org/10.1145/3576915.3623157,Citation/extraction metadata only; no copyrighted full text redistributed; upstream rights retained,2026-09-16,scholarly_primary_or_system_ai_mediated,full text or selected source passages plus bibliographic record; exact reading boundary retained in extraction ledger,claim-level extraction at full_or_selected_source depth,L6 task-specific behavioral/security evidence,no
Lost at C: A User Study on the Security Implications of Large Language Model Code Assistants,https://www.usenix.org/conference/usenixsecurity23/presentation/sandoval,Citation/extraction metadata only; no copyrighted full text redistributed; upstream rights retained,2026-09-16,scholarly_primary_or_system_ai_mediated,full text or selected source passages plus bibliographic record; exact reading boundary retained in extraction ledger,claim-level extraction at full_or_selected_source depth,AI-mediated transformation or behavior evidence; not artifact ancestry by itself,no
We Have a Package for You! A Comprehensive Analysis of Package Hallucinations by Code Generating LLMs,https://www.usenix.org/conference/usenixsecurity25/presentation/spracklen,Citation/extraction metadata only; no copyrighted full text redistributed; upstream rights retained,2026-09-16,scholarly_primary_or_system_ai_mediated,full text or selected source passages plus bibliographic record; exact reading boundary retained in extraction ledger,claim-level extraction at full_or_selected_source depth,dependency-recommendation risk evidence,no
How Secure Is Code Generated by ChatGPT?,https://ieeexplore.ieee.org/document/10394237,Citation/extraction metadata only; no copyrighted full text redistributed; upstream rights retained,2026-09-16,scholarly_primary_or_system_ai_mediated,publisher/author abstract or selected source passage plus bibliographic record; no full-text completeness claim,claim-level extraction at publisher_abstract_or_selected_source depth,AI-mediated transformation or behavior evidence; not artifact ancestry by itself,no
CodexLeaks: Privacy Leaks from Code Generation Language Models in GitHub Copilot,https://www.usenix.org/conference/usenixsecurity23/presentation/niu,Citation/extraction metadata only; no copyrighted full text redistributed; upstream rights retained,2026-09-16,scholarly_primary_or_system_ai_mediated,full text or selected source passages plus bibliographic record; exact reading boundary retained in extraction ledger,claim-level extraction at full_or_selected_source depth,L6 privacy-risk evidence under its test setting,no
Android App Repackaging Detection: A Comprehensive Survey,https://doi.org/10.1016/j.csa.2026.100124,Citation/extraction metadata only; no copyrighted full text redistributed; upstream rights retained,2026-09-16,scholarly_secondary_or_method_review_and_method,"publisher/arXiv abstract, selected passages where accessible, and bibliographic record; no exhaustive full-text claim",claim-level extraction at publisher_abstract_or_selected_source depth,secondary synthesis of repackaging detection through the survey period,no
A Survey of Third-Party Library Security Research in Application Software,https://arxiv.org/abs/2404.17955,Citation/extraction metadata only; no copyrighted full text redistributed; upstream rights retained,2026-09-16,scholarly_secondary_or_method_review_and_method,"publisher/arXiv abstract, selected passages where accessible, and bibliographic record; no exhaustive full-text claim",claim-level extraction at full_or_selected_source depth,secondary synthesis of TPL security research,no
Software Supply Chain Security: A Systematic Literature Review,https://doi.org/10.1080/1206212X.2024.2390978,Citation/extraction metadata only; no copyrighted full text redistributed; upstream rights retained,2026-09-16,scholarly_secondary_or_method_review_and_method,"publisher/arXiv abstract, selected passages where accessible, and bibliographic record; no exhaustive full-text claim",claim-level extraction at publisher_abstract_or_selected_source depth,secondary synthesis of supply-chain security,no
Research Directions in Software Supply Chain Security,https://dwermke.com/pdf/journal-tosem-williams25.pdf,Citation/extraction metadata only; no copyrighted full text redistributed; upstream rights retained,2026-09-16,scholarly_secondary_or_method_review_and_method,selected full-text sections plus bibliographic record; exact reading boundary retained in source_locations.csv,claim-level extraction at full_or_selected_source depth,research-direction synthesis,no
Cyber Supply Chain Risk Management: From Threats to Treatment,https://link.springer.com/article/10.1007/s10207-025-01207-9,Citation/extraction metadata only; no copyrighted full text redistributed; upstream rights retained,2026-09-16,scholarly_secondary_or_method_review_and_method,publisher full text and version-of-record metadata; selected sections coded with explicit boundary,claim-level extraction at full_or_selected_source depth,secondary synthesis of cyber-supply-chain risk and treatment,no
"Software Supply Chain: A Taxonomy of Attacks, Mitigations and Risk Assessment Strategies",https://arxiv.org/abs/2305.14157,Citation/extraction metadata only; no copyrighted full text redistributed; upstream rights retained,2026-09-16,scholarly_secondary_or_method_review_and_method,selected full-text sections plus bibliographic record; exact reading boundary retained in source_locations.csv,claim-level extraction at full_or_selected_source depth,secondary taxonomy and risk synthesis,no
On the Way to SBOMs: Investigating Design Issues and Solutions in Practice,https://dl.acm.org/doi/10.1145/3654442,Citation/extraction metadata only; no copyrighted full text redistributed; upstream rights retained,2026-09-16,scholarly_primary_or_system_supply_chain,publisher record and author manuscript; empirical design/issues analysis with explicit inference limit,claim-level extraction at full_or_selected_source depth,empirical SBOM design/practice evidence only,no
BOMs Away! Inside the Minds of Stakeholders: A Comprehensive Study of Bills of Materials for Software Systems,https://ieeexplore.ieee.org/document/10548562,Citation/extraction metadata only; no copyrighted full text redistributed; upstream rights retained,2026-09-16,scholarly_primary_or_system_supply_chain,peer-reviewed ICSE paper and official publication metadata; selected full-text sections coded,claim-level extraction at full_or_selected_source depth,stakeholder evidence about SBOM creation and use only,no
ACM CSUR author guide,https://dl.acm.org/journal/csur/author-guidelines,Publisher website; no content redistributed,2026-09-16,workflow_rule,official publisher page,external-use rule check only,35-page Long Survey ceiling including references; live recheck required,no
ACM author submission template page,https://www.acm.org/publications/authors/submissions,Publisher website; no content redistributed,2026-09-16,workflow_rule,official publisher page,external-use template check only,current ACM template family; live recheck required,no
Supplied ACM article class and bibliography style,user-supplied matched template archive,LPPL/public-domain notices retained in paper/LICENSE,2026-09-16,publication_style_asset,supplied archive; structural inspection,unmodified local typesetting assets,internal paper layout only,no
