record_id,bib_key,title,publication_status,canonical_identifier,canonical_record_url,metadata_basis,verification_date,version_status,included_status,status_check_scope,notes
W001,repack,Rebooting Research on Detecting Repackaged Android Apps: Literature Review and Benchmark,venue_recorded,doi:10.1109/TSE.2019.2901679,https://doi.org/10.1109/TSE.2019.2901679,DOI/official scholarly locator plus local BibTeX snapshot,2026-09-16,venue_record_located_at_checked_source,eligible_current_record,record-level identifier/version check; not a comprehensive retraction-registry search,Interpretive claims remain bounded by study_extractions.csv and source_locations.csv.
W002,tpl,Research on Third-Party Libraries in Android Apps: A Taxonomy and Systematic Literature Review,venue_recorded,doi:10.1109/TSE.2021.3114381,https://doi.org/10.1109/TSE.2021.3114381,DOI/official scholarly locator plus local BibTeX snapshot,2026-09-16,venue_record_located_at_checked_source,eligible_current_record,record-level identifier/version check; not a comprehensive retraction-registry search,Interpretive claims remain bounded by study_extractions.csv and source_locations.csv.
W003,staticandroid,Static Analysis of Android Apps: A Systematic Literature Review,venue_recorded,doi:10.1016/j.infsof.2017.04.001,https://doi.org/10.1016/j.infsof.2017.04.001,DOI/official scholarly locator plus local BibTeX snapshot,2026-09-16,venue_record_located_at_checked_source,eligible_current_record,record-level identifier/version check; not a comprehensive retraction-registry search,Interpretive claims remain bounded by study_extractions.csv and source_locations.csv.
W004,androidtesting,Automated Testing of Android Apps: A Systematic Literature Review,venue_recorded,doi:10.1109/TR.2018.2865733,https://doi.org/10.1109/TR.2018.2865733,DOI/official scholarly locator plus local BibTeX snapshot,2026-09-16,venue_record_located_at_checked_source,eligible_current_record,record-level identifier/version check; not a comprehensive retraction-registry search,Interpretive claims remain bounded by study_extractions.csv and source_locations.csv.
W005,sufatrio,"Securing Android: A Survey, Taxonomy, and Challenges",venue_recorded,doi:10.1145/2733306,https://doi.org/10.1145/2733306,DOI/official scholarly locator plus local BibTeX snapshot,2026-09-16,venue_record_located_at_checked_source,eligible_current_record,record-level identifier/version check; not a comprehensive retraction-registry search,Interpretive claims remain bounded by study_extractions.csv and source_locations.csv.
W006,xuandroid,Toward Engineering a Secure Android Ecosystem: A Survey of Existing Techniques,venue_recorded,doi:10.1145/2963145,https://doi.org/10.1145/2963145,DOI/official scholarly locator plus local BibTeX snapshot,2026-09-16,venue_record_located_at_checked_source,eligible_current_record,record-level identifier/version check; not a comprehensive retraction-registry search,Interpretive claims remain bounded by study_extractions.csv and source_locations.csv.
W007,tamandroid,The Evolution of Android Malware and Android Analysis Techniques,venue_recorded,doi:10.1145/3017427,https://doi.org/10.1145/3017427,DOI/official scholarly locator plus local BibTeX snapshot,2026-09-16,venue_record_located_at_checked_source,eligible_current_record,record-level identifier/version check; not a comprehensive retraction-registry search,Interpretive claims remain bounded by study_extractions.csv and source_locations.csv.
W008,brereton,Lessons from Applying the Systematic Literature Review Process within the Software Engineering Domain,venue_recorded,doi:10.1016/j.jss.2006.07.009,https://doi.org/10.1016/j.jss.2006.07.009,DOI/official scholarly locator plus local BibTeX snapshot,2026-09-16,venue_record_located_at_checked_source,eligible_current_record,record-level identifier/version check; not a comprehensive retraction-registry search,Interpretive claims remain bounded by study_extractions.csv and source_locations.csv.
W009,wohlin,Guidelines for Snowballing in Systematic Literature Studies and a Replication in Software Engineering,venue_recorded,doi:10.1145/2601248.2601268,https://doi.org/10.1145/2601248.2601268,DOI/official scholarly locator plus local BibTeX snapshot,2026-09-16,venue_record_located_at_checked_source,eligible_current_record,record-level identifier/version check; not a comprehensive retraction-registry search,Interpretive claims remain bounded by study_extractions.csv and source_locations.csv.
W010,kitchenham,Procedures for Performing Systematic Reviews,technical_method_report,stable-record:https://www.inf.ufsc.br/~aldo.vw/kitchenham.pdf,https://www.inf.ufsc.br/~aldo.vw/kitchenham.pdf,official scholarly or archive locator plus local BibTeX snapshot,2026-09-16,technical_method_report_located,eligible_current_record,record-level identifier/version check; not a comprehensive retraction-registry search,Interpretive claims remain bounded by study_extractions.csv and source_locations.csv.
W011,blackburn,Wake Up and Smell the Coffee: Evaluation Methodology for the 21st Century,venue_recorded,doi:10.1145/1378704.1378723,https://doi.org/10.1145/1378704.1378723,DOI/official scholarly locator plus local BibTeX snapshot,2026-09-16,venue_record_located_at_checked_source,eligible_current_record,record-level identifier/version check; not a comprehensive retraction-registry search,Interpretive claims remain bounded by study_extractions.csv and source_locations.csv.
W012,astra,SoK: A Defense-Oriented Evaluation of Software Supply Chain Security,venue_recorded,doi:10.1109/EuroSP68448.2026.00059,https://doi.org/10.1109/EuroSP68448.2026.00059,DOI/official scholarly locator plus local BibTeX snapshot,2026-09-16,venue_record_located_at_checked_source,eligible_current_record,record-level identifier/version check; not a comprehensive retraction-registry search,Interpretive claims remain bounded by study_extractions.csv and source_locations.csv.
W013,properties,SoK: Analysis of Software Supply Chain Security by Establishing Secure Design Properties,venue_recorded,doi:10.1145/3560835.3564556,https://doi.org/10.1145/3560835.3564556,DOI/official scholarly locator plus local BibTeX snapshot,2026-09-16,venue_record_located_at_checked_source,eligible_current_record,record-level identifier/version check; not a comprehensive retraction-registry search,Interpretive claims remain bounded by study_extractions.csv and source_locations.csv.
W014,ladisa,SoK: Taxonomy of Attacks on Open-Source Software Supply Chains,venue_recorded,doi:10.1109/SP46215.2023.10179304,https://doi.org/10.1109/SP46215.2023.10179304,DOI/official scholarly locator plus local BibTeX snapshot,2026-09-16,venue_record_located_at_checked_source,eligible_current_record,record-level identifier/version check; not a comprehensive retraction-registry search,Interpretive claims remain bounded by study_extractions.csv and source_locations.csv.
W015,ohmstuke,SoK: Practical Detection of Software Supply Chain Attacks,venue_recorded,doi:10.1145/3600160.3600162,https://doi.org/10.1145/3600160.3600162,DOI/official scholarly locator plus local BibTeX snapshot,2026-09-16,venue_record_located_at_checked_source,eligible_current_record,record-level identifier/version check; not a comprehensive retraction-registry search,Interpretive claims remain bounded by study_extractions.csv and source_locations.csv.
W016,droidmoss,Detecting Repackaged Smartphone Applications in Third-Party Android Marketplaces,venue_recorded,doi:10.1145/2133601.2133640,https://doi.org/10.1145/2133601.2133640,DOI/official scholarly locator plus local BibTeX snapshot,2026-09-16,venue_record_located_at_checked_source,eligible_current_record,record-level identifier/version check; not a comprehensive retraction-registry search,Interpretive claims remain bounded by study_extractions.csv and source_locations.csv.
W017,attackclones,Attack of the Clones: Detecting Cloned Applications on Android Markets,venue_recorded,doi:10.1007/978-3-642-33167-1_3,https://doi.org/10.1007/978-3-642-33167-1_3,DOI/official scholarly locator plus local BibTeX snapshot,2026-09-16,venue_record_located_at_checked_source,eligible_current_record,record-level identifier/version check; not a comprehensive retraction-registry search,Interpretive claims remain bounded by study_extractions.csv and source_locations.csv.
W018,adrob,AdRob: Examining the Landscape and Impact of Android Application Plagiarism,venue_recorded,doi:10.1145/2462456.2464461,https://doi.org/10.1145/2462456.2464461,DOI/official scholarly locator plus local BibTeX snapshot,2026-09-16,venue_record_located_at_checked_source,eligible_current_record,record-level identifier/version check; not a comprehensive retraction-registry search,Interpretive claims remain bounded by study_extractions.csv and source_locations.csv.
W019,appink,AppInk: Watermarking Android Apps for Repackaging Deterrence,venue_recorded,doi:10.1145/2484313.2484315,https://doi.org/10.1145/2484313.2484315,DOI/official scholarly locator plus local BibTeX snapshot,2026-09-16,venue_record_located_at_checked_source,eligible_current_record,record-level identifier/version check; not a comprehensive retraction-registry search,Interpretive claims remain bounded by study_extractions.csv and source_locations.csv.
W020,droidmarking,DroidMarking: Resilient Software Watermarking for Impeding Android Application Repackaging,venue_recorded,doi:10.1145/2642937.2642977,https://doi.org/10.1145/2642937.2642977,DOI/official scholarly locator plus local BibTeX snapshot,2026-09-16,venue_record_located_at_checked_source,eligible_current_record,record-level identifier/version check; not a comprehensive retraction-registry search,Interpretive claims remain bounded by study_extractions.csv and source_locations.csv.
W021,codematch,CodeMatch: Obfuscation Won't Conceal Your Repackaged App,venue_recorded,doi:10.1145/3106237.3106305,https://doi.org/10.1145/3106237.3106305,DOI/official scholarly locator plus local BibTeX snapshot,2026-09-16,venue_record_located_at_checked_source,eligible_current_record,record-level identifier/version check; not a comprehensive retraction-registry search,Interpretive claims remain bounded by study_extractions.csv and source_locations.csv.
W022,heterogeneity,Detection of Repackaged Android Malware with Code-Heterogeneity Features,venue_recorded,doi:10.1109/TDSC.2017.2745575,https://doi.org/10.1109/TDSC.2017.2745575,DOI/official scholarly locator plus local BibTeX snapshot,2026-09-16,venue_record_located_at_checked_source,eligible_current_record,record-level identifier/version check; not a comprehensive retraction-registry search,Interpretive claims remain bounded by study_extractions.csv and source_locations.csv.
W023,dapasa,DAPASA: Detecting Android Piggybacked Apps through Sensitive Subgraph Analysis,venue_recorded,doi:10.1109/TIFS.2017.2687880,https://doi.org/10.1109/TIFS.2017.2687880,DOI/official scholarly locator plus local BibTeX snapshot,2026-09-16,venue_record_located_at_checked_source,eligible_current_record,record-level identifier/version check; not a comprehensive retraction-registry search,Interpretive claims remain bounded by study_extractions.csv and source_locations.csv.
W024,appraiser,Appraiser: A Large Scale Analysis of Android Clone Apps,venue_recorded,doi:10.1587/transinf.2016ICP0012,https://doi.org/10.1587/transinf.2016ICP0012,DOI/official scholarly locator plus local BibTeX snapshot,2026-09-16,venue_record_located_at_checked_source,eligible_current_record,record-level identifier/version check; not a comprehensive retraction-registry search,Interpretive claims remain bounded by study_extractions.csv and source_locations.csv.
W025,repdroid,RepDroid: An Automated Tool for Android Application Repackaging Detection,venue_recorded,doi:10.1109/ICPC.2017.16,https://doi.org/10.1109/ICPC.2017.16,DOI/official scholarly locator plus local BibTeX snapshot,2026-09-16,venue_record_located_at_checked_source,eligible_current_record,record-level identifier/version check; not a comprehensive retraction-registry search,Interpretive claims remain bounded by study_extractions.csv and source_locations.csv.
W026,simidroid,SimiDroid: Identifying and Explaining Similarities in Android Apps,venue_recorded,doi:10.1109/Trustcom/BigDataSE/ICESS.2017.230,https://doi.org/10.1109/Trustcom/BigDataSE/ICESS.2017.230,DOI/official scholarly locator plus local BibTeX snapshot,2026-09-16,venue_record_located_at_checked_source,eligible_current_record,record-level identifier/version check; not a comprehensive retraction-registry search,Interpretive claims remain bounded by study_extractions.csv and source_locations.csv.
W027,similarapps,On Automatically Detecting Similar Android Apps,venue_recorded,doi:10.1109/ICPC.2016.7503721,https://doi.org/10.1109/ICPC.2016.7503721,DOI/official scholarly locator plus local BibTeX snapshot,2026-09-16,venue_record_located_at_checked_source,eligible_current_record,record-level identifier/version check; not a comprehensive retraction-registry search,Interpretive claims remain bounded by study_extractions.csv and source_locations.csv.
W028,resourceeval,Evaluation of Resource-Based App Repackaging Detection in Android,venue_recorded,doi:10.1007/978-3-319-47560-8_9,https://doi.org/10.1007/978-3-319-47560-8_9,DOI/official scholarly locator plus local BibTeX snapshot,2026-09-16,venue_record_located_at_checked_source,eligible_current_record,record-level identifier/version check; not a comprehensive retraction-registry search,Interpretive claims remain bounded by study_extractions.csv and source_locations.csv.
W029,semanticsrepack,Semantics-Based Repackaging Detection for Mobile Apps,venue_recorded,doi:10.1007/978-3-319-30806-7_6,https://doi.org/10.1007/978-3-319-30806-7_6,DOI/official scholarly locator plus local BibTeX snapshot,2026-09-16,venue_record_located_at_checked_source,eligible_current_record,record-level identifier/version check; not a comprehensive retraction-registry search,Interpretive claims remain bounded by study_extractions.csv and source_locations.csv.
W030,androsimilar,AndroSimilar: Robust Signature for Detecting Variants of Android Malware,venue_recorded,doi:10.1016/j.jisa.2014.10.011,https://doi.org/10.1016/j.jisa.2014.10.011,DOI/official scholarly locator plus local BibTeX snapshot,2026-09-16,venue_record_located_at_checked_source,eligible_current_record,record-level identifier/version check; not a comprehensive retraction-registry search,Interpretive claims remain bounded by study_extractions.csv and source_locations.csv.
W031,droideagle,DroidEagle: Seamless Detection of Visually Similar Android Apps,venue_recorded,doi:10.1145/2766498.2766508,https://doi.org/10.1145/2766498.2766508,DOI/official scholarly locator plus local BibTeX snapshot,2026-09-16,venue_record_located_at_checked_source,eligible_current_record,record-level identifier/version check; not a comprehensive retraction-registry search,Interpretive claims remain bounded by study_extractions.csv and source_locations.csv.
W032,massvet,Finding Unknown Malice in 10 Seconds: Mass Vetting for New Threats at the Google-Play Scale,venue_recorded,stable-record:https://www.usenix.org/conference/usenixsecurity15/technical-sessions/presentation/chen-kai,https://www.usenix.org/conference/usenixsecurity15/technical-sessions/presentation/chen-kai,official scholarly or archive locator plus local BibTeX snapshot,2026-09-16,venue_record_located_at_checked_source,eligible_current_record,record-level identifier/version check; not a comprehensive retraction-registry search,Interpretive claims remain bounded by study_extractions.csv and source_locations.csv.
W033,wukong,WuKong: A Scalable and Accurate Two-Phase Approach to Android App Clone Detection,venue_recorded,doi:10.1145/2771783.2771795,https://doi.org/10.1145/2771783.2771795,DOI/official scholarly locator plus local BibTeX snapshot,2026-09-16,venue_record_located_at_checked_source,eligible_current_record,record-level identifier/version check; not a comprehensive retraction-registry search,Interpretive claims remain bounded by study_extractions.csv and source_locations.csv.
W034,andarwin,Andarwin: Scalable Detection of Android Application Clones Based on Semantics,venue_recorded,doi:10.1109/TMC.2014.2381212,https://doi.org/10.1109/TMC.2014.2381212,DOI/official scholarly locator plus local BibTeX snapshot,2026-09-16,venue_record_located_at_checked_source,eligible_current_record,record-level identifier/version check; not a comprehensive retraction-registry search,Interpretive claims remain bounded by study_extractions.csv and source_locations.csv.
W035,accuracyclone,Achieving Accuracy and Scalability Simultaneously in Detecting Application Clones on Android Markets,venue_recorded,doi:10.1145/2568225.2568286,https://doi.org/10.1145/2568225.2568286,DOI/official scholarly locator plus local BibTeX snapshot,2026-09-16,venue_record_located_at_checked_source,eligible_current_record,record-level identifier/version check; not a comprehensive retraction-registry search,Interpretive claims remain bounded by study_extractions.csv and source_locations.csv.
W036,fsquadra,FSquaDRA: Fast Detection of Repackaged Applications,venue_recorded,doi:10.1007/978-3-662-43936-4_9,https://doi.org/10.1007/978-3-662-43936-4_9,DOI/official scholarly locator plus local BibTeX snapshot,2026-09-16,venue_record_located_at_checked_source,eligible_current_record,record-level identifier/version check; not a comprehensive retraction-registry search,Interpretive claims remain bounded by study_extractions.csv and source_locations.csv.
W037,resourcedriven,Towards a Scalable Resource-Driven Approach for Detecting Repackaged Android Applications,venue_recorded,doi:10.1145/2664243.2664275,https://doi.org/10.1145/2664243.2664275,DOI/official scholarly locator plus local BibTeX snapshot,2026-09-16,venue_record_located_at_checked_source,eligible_current_record,record-level identifier/version check; not a comprehensive retraction-registry search,Interpretive claims remain bounded by study_extractions.csv and source_locations.csv.
W038,viewdroid,ViewDroid: Towards Obfuscation-Resilient Mobile Application Repackaging Detection,venue_recorded,doi:10.1145/2627393.2627395,https://doi.org/10.1145/2627393.2627395,DOI/official scholarly locator plus local BibTeX snapshot,2026-09-16,venue_record_located_at_checked_source,eligible_current_record,record-level identifier/version check; not a comprehensive retraction-registry search,Interpretive claims remain bounded by study_extractions.csv and source_locations.csv.
W039,droidkin,DroidKin: Lightweight Detection of Android Apps Similarity,venue_recorded,doi:10.1007/978-3-319-23829-6_30,https://doi.org/10.1007/978-3-319-23829-6_30,DOI/official scholarly locator plus local BibTeX snapshot,2026-09-16,venue_record_located_at_checked_source,eligible_current_record,record-level identifier/version check; not a comprehensive retraction-registry search,Interpretive claims remain bounded by study_extractions.csv and source_locations.csv.
W040,juxtapp,Juxtapp: A Scalable System for Detecting Code Reuse among Android Applications,venue_recorded,doi:10.1007/978-3-642-37300-8_4,https://doi.org/10.1007/978-3-642-37300-8_4,DOI/official scholarly locator plus local BibTeX snapshot,2026-09-16,venue_record_located_at_checked_source,eligible_current_record,record-level identifier/version check; not a comprehensive retraction-registry search,Interpretive claims remain bounded by study_extractions.csv and source_locations.csv.
W041,plagiarizing,Plagiarizing Smartphone Applications: Attack Strategies and Defense Techniques,venue_recorded,doi:10.1007/978-3-642-28166-2_11,https://doi.org/10.1007/978-3-642-28166-2_11,DOI/official scholarly locator plus local BibTeX snapshot,2026-09-16,venue_record_located_at_checked_source,eligible_current_record,record-level identifier/version check; not a comprehensive retraction-registry search,Interpretive claims remain bounded by study_extractions.csv and source_locations.csv.
W042,reuseandroid,Understanding Reuse in the Android Market,venue_recorded,doi:10.1109/ICPC.2012.6240477,https://doi.org/10.1109/ICPC.2012.6240477,DOI/official scholarly locator plus local BibTeX snapshot,2026-09-16,venue_record_located_at_checked_source,eligible_current_record,record-level identifier/version check; not a comprehensive retraction-registry search,Interpretive claims remain bounded by study_extractions.csv and source_locations.csv.
W043,piggybacking,Understanding Android App Piggybacking: A Systematic Study of Malicious Code Grafting,venue_recorded,doi:10.1109/TIFS.2017.2656460,https://doi.org/10.1109/TIFS.2017.2656460,DOI/official scholarly locator plus local BibTeX snapshot,2026-09-16,venue_record_located_at_checked_source,eligible_current_record,record-level identifier/version check; not a comprehensive retraction-registry search,Interpretive claims remain bounded by study_extractions.csv and source_locations.csv.
W044,repackeval,A Framework for Evaluating Mobile App Repackaging Detection Algorithms,venue_recorded,doi:10.1007/978-3-642-38908-5_13,https://doi.org/10.1007/978-3-642-38908-5_13,DOI/official scholarly locator plus local BibTeX snapshot,2026-09-16,venue_record_located_at_checked_source,eligible_current_record,record-level identifier/version check; not a comprehensive retraction-registry search,Interpretive claims remain bounded by study_extractions.csv and source_locations.csv.
W045,androzoo,AndroZoo: Collecting Millions of Android Apps for the Research Community,venue_recorded,doi:10.1145/2901739.2903508,https://doi.org/10.1145/2901739.2903508,DOI/official scholarly locator plus local BibTeX snapshot,2026-09-16,venue_record_located_at_checked_source,eligible_current_record,record-level identifier/version check; not a comprehensive retraction-registry search,Interpretive claims remain bounded by study_extractions.csv and source_locations.csv.
W046,droidchameleon,DroidChameleon: Evaluating Android Anti-Malware against Transformation Attacks,venue_recorded,doi:10.1145/2484313.2484355,https://doi.org/10.1145/2484313.2484355,DOI/official scholarly locator plus local BibTeX snapshot,2026-09-16,venue_record_located_at_checked_source,eligible_current_record,record-level identifier/version check; not a comprehensive retraction-registry search,Interpretive claims remain bounded by study_extractions.csv and source_locations.csv.
W047,drebin,DREBIN: Effective and Explainable Detection of Android Malware in Your Pocket,venue_recorded,stable-record:https://www.ndss-symposium.org/ndss2014/ndss-2014-programme/drebin-effective-and-explainable-detection-android-malware-your-pocket/,https://www.ndss-symposium.org/ndss2014/ndss-2014-programme/drebin-effective-and-explainable-detection-android-malware-your-pocket/,official scholarly or archive locator plus local BibTeX snapshot,2026-09-16,venue_record_located_at_checked_source,eligible_current_record,record-level identifier/version check; not a comprehensive retraction-registry search,Interpretive claims remain bounded by study_extractions.csv and source_locations.csv.
W048,mamadroid,MaMaDroid: Detecting Android Malware by Building Markov Chains of Behavioral Models,venue_recorded,stable-record:https://www.ndss-symposium.org/ndss2017/ndss-2017-programme/mamadroid-detecting-android-malware-building-markov-chains-behavioral-models/,https://www.ndss-symposium.org/ndss2017/ndss-2017-programme/mamadroid-detecting-android-malware-building-markov-chains-behavioral-models/,official scholarly or archive locator plus local BibTeX snapshot,2026-09-16,venue_record_located_at_checked_source,eligible_current_record,record-level identifier/version check; not a comprehensive retraction-registry search,NDSS venue record is canonical; the consumed source remains the arXiv extended manuscript in source_locations.csv. Interpretive claims remain bounded by study_extractions.csv.
W049,flowdroid,"FlowDroid: Precise Context, Flow, Field, Object-Sensitive and Lifecycle-Aware Taint Analysis for Android Apps",venue_recorded,doi:10.1145/2594291.2594299,https://doi.org/10.1145/2594291.2594299,DOI/official scholarly locator plus local BibTeX snapshot,2026-09-16,venue_record_located_at_checked_source,eligible_current_record,record-level identifier/version check; not a comprehensive retraction-registry search,Interpretive claims remain bounded by study_extractions.csv and source_locations.csv.
W050,commonlibraries,An Investigation into the Use of Common Libraries in Android Apps,venue_recorded,doi:10.1109/SANER.2016.52,https://doi.org/10.1109/SANER.2016.52,DOI/official scholarly locator plus local BibTeX snapshot,2026-09-16,venue_record_located_at_checked_source,eligible_current_record,record-level identifier/version check; not a comprehensive retraction-registry search,Interpretive claims remain bounded by study_extractions.csv and source_locations.csv.
W051,libd,LibD: Scalable and Precise Third-Party Library Detection in Android Markets,venue_recorded,doi:10.1109/ICSE.2017.38,https://doi.org/10.1109/ICSE.2017.38,DOI/official scholarly locator plus local BibTeX snapshot,2026-09-16,venue_record_located_at_checked_source,eligible_current_record,record-level identifier/version check; not a comprehensive retraction-registry search,Interpretive claims remain bounded by study_extractions.csv and source_locations.csv.
W052,libradar,LibRadar: Fast and Accurate Detection of Third-Party Libraries in Android Apps,venue_recorded,doi:10.1145/2889160.2889178,https://doi.org/10.1145/2889160.2889178,DOI/official scholarly locator plus local BibTeX snapshot,2026-09-16,venue_record_located_at_checked_source,eligible_current_record,record-level identifier/version check; not a comprehensive retraction-registry search,Interpretive claims remain bounded by study_extractions.csv and source_locations.csv.
W053,libscout,Reliable Third-Party Library Detection in Android and Its Security Applications,venue_recorded,doi:10.1145/2976749.2978333,https://doi.org/10.1145/2976749.2978333,DOI/official scholarly locator plus local BibTeX snapshot,2026-09-16,venue_record_located_at_checked_source,eligible_current_record,record-level identifier/version check; not a comprehensive retraction-registry search,Interpretive claims remain bounded by study_extractions.csv and source_locations.csv.
W054,libid,LibID: Reliable Identification of Obfuscated Third-Party Android Libraries,venue_recorded,doi:10.1145/3293882.3330563,https://doi.org/10.1145/3293882.3330563,DOI/official scholarly locator plus local BibTeX snapshot,2026-09-16,venue_record_located_at_checked_source,eligible_current_record,record-level identifier/version check; not a comprehensive retraction-registry search,Interpretive claims remain bounded by study_extractions.csv and source_locations.csv.
W055,orlis,ORLIS: Obfuscation-Resilient Library Detection for Android,venue_recorded,doi:10.1145/3197231.3197248,https://doi.org/10.1145/3197231.3197248,DOI/official scholarly locator plus local BibTeX snapshot,2026-09-16,venue_record_located_at_checked_source,eligible_current_record,record-level identifier/version check; not a comprehensive retraction-registry search,Interpretive claims remain bounded by study_extractions.csv and source_locations.csv.
W056,atvhunter,ATVHunter: Reliable Version Detection of Third-Party Libraries for Vulnerability Identification in Android Applications,venue_recorded,doi:10.1109/ICSE43902.2021.00150,https://doi.org/10.1109/ICSE43902.2021.00150,DOI/official scholarly locator plus local BibTeX snapshot,2026-09-16,venue_record_located_at_checked_source,eligible_current_record,record-level identifier/version check; not a comprehensive retraction-registry search,Interpretive claims remain bounded by study_extractions.csv and source_locations.csv.
W057,tplready,Automated Third-Party Library Detection for Android Applications: Are We There Yet?,venue_recorded,doi:10.1145/3324884.3416582,https://doi.org/10.1145/3324884.3416582,DOI/official scholarly locator plus local BibTeX snapshot,2026-09-16,venue_record_located_at_checked_source,eligible_current_record,record-level identifier/version check; not a comprehensive retraction-registry search,Interpretive claims remain bounded by study_extractions.csv and source_locations.csv.
W058,libdx,LibDX: A Cross-Platform and Accurate System to Detect Third-Party Libraries in Binary Code,venue_recorded,doi:10.1109/SANER48275.2020.9054845,https://doi.org/10.1109/SANER48275.2020.9054845,DOI/official scholarly locator plus local BibTeX snapshot,2026-09-16,venue_record_located_at_checked_source,eligible_current_record,record-level identifier/version check; not a comprehensive retraction-registry search,Interpretive claims remain bounded by study_extractions.csv and source_locations.csv.
W059,libroad,"LibRoad: Rapid, Online, and Accurate Detection of Third-Party Libraries on Android",venue_recorded,doi:10.1109/TMC.2020.3003336,https://doi.org/10.1109/TMC.2020.3003336,DOI/official scholarly locator plus local BibTeX snapshot,2026-09-16,venue_record_located_at_checked_source,eligible_current_record,record-level identifier/version check; not a comprehensive retraction-registry search,Interpretive claims remain bounded by study_extractions.csv and source_locations.csv.
W060,osspolice,Identifying Open-Source License Violation and 1-Day Security Risk at Large Scale,venue_recorded,doi:10.1145/3133956.3134048,https://doi.org/10.1145/3133956.3134048,DOI/official scholarly locator plus local BibTeX snapshot,2026-09-16,venue_record_located_at_checked_source,eligible_current_record,record-level identifier/version check; not a comprehensive retraction-registry search,Interpretive claims remain bounded by study_extractions.csv and source_locations.csv.
W061,keepupdated,Keep Me Updated: An Empirical Study of Third-Party Library Updatability on Android,venue_recorded,doi:10.1145/3133956.3134059,https://doi.org/10.1145/3133956.3134059,DOI/official scholarly locator plus local BibTeX snapshot,2026-09-16,venue_record_located_at_checked_source,eligible_current_record,record-level identifier/version check; not a comprehensive retraction-registry search,Interpretive claims remain bounded by study_extractions.csv and source_locations.csv.
W062,developersupdate,Do Developers Update Third-Party Libraries in Mobile Apps?,venue_recorded,doi:10.1145/3196321.3196341,https://doi.org/10.1145/3196321.3196341,DOI/official scholarly locator plus local BibTeX snapshot,2026-09-16,venue_record_located_at_checked_source,eligible_current_record,record-level identifier/version check; not a comprehensive retraction-registry search,Interpretive claims remain bounded by study_extractions.csv and source_locations.csv.
W063,originsvuln,Understanding the Origins of Mobile App Vulnerabilities: A Large-Scale Measurement Study of Free and Paid Apps,venue_recorded,doi:10.1109/MSR.2017.23,https://doi.org/10.1109/MSR.2017.23,DOI/official scholarly locator plus local BibTeX snapshot,2026-09-16,venue_record_located_at_checked_source,eligible_current_record,record-level identifier/version check; not a comprehensive retraction-registry search,Interpretive claims remain bounded by study_extractions.csv and source_locations.csv.
W064,appcommune,AppCommune: Automated Third-Party Libraries De-Duplicating and Updating for Android Apps,venue_recorded,doi:10.1109/SANER.2019.8668009,https://doi.org/10.1109/SANER.2019.8668009,DOI/official scholarly locator plus local BibTeX snapshot,2026-09-16,venue_record_located_at_checked_source,eligible_current_record,record-level identifier/version check; not a comprehensive retraction-registry search,Interpretive claims remain bounded by study_extractions.csv and source_locations.csv.
W065,tplprecision,Detecting Third-Party Libraries in Android Applications with High Precision and Recall,venue_recorded,doi:10.1109/SANER.2018.8330204,https://doi.org/10.1109/SANER.2018.8330204,DOI/official scholarly locator plus local BibTeX snapshot,2026-09-16,venue_record_located_at_checked_source,eligible_current_record,record-level identifier/version check; not a comprehensive retraction-registry search,Interpretive claims remain bounded by study_extractions.csv and source_locations.csv.
W066,malicioustpl,An Empirical Study of Potentially Malicious Third-Party Libraries in Android Apps,venue_recorded,doi:10.1145/3395351.3399346,https://doi.org/10.1145/3395351.3399346,DOI/official scholarly locator plus local BibTeX snapshot,2026-09-16,venue_record_located_at_checked_source,eligible_current_record,record-level identifier/version check; not a comprehensive retraction-registry search,Interpretive claims remain bounded by study_extractions.csv and source_locations.csv.
W067,tuf,Survivable Key Compromise in Software Update Systems,venue_recorded,doi:10.1145/1866307.1866315,https://doi.org/10.1145/1866307.1866315,DOI/official scholarly locator plus local BibTeX snapshot,2026-09-16,venue_record_located_at_checked_source,eligible_current_record,record-level identifier/version check; not a comprehensive retraction-registry search,Interpretive claims remain bounded by study_extractions.csv and source_locations.csv.
W068,intoto,in-toto: Providing Farm-to-Table Guarantees for Bits and Bytes,venue_recorded,stable-record:https://www.usenix.org/conference/usenixsecurity19/presentation/torres-arias,https://www.usenix.org/conference/usenixsecurity19/presentation/torres-arias,official scholarly or archive locator plus local BibTeX snapshot,2026-09-16,venue_record_located_at_checked_source,eligible_current_record,record-level identifier/version check; not a comprehensive retraction-registry search,Interpretive claims remain bounded by study_extractions.csv and source_locations.csv.
W069,chainiac,CHAINIAC: Proactive Software-Update Transparency via Collectively Signed Skipchains and Verified Builds,venue_recorded,stable-record:https://www.usenix.org/conference/usenixsecurity17/technical-sessions/presentation/nikitin,https://www.usenix.org/conference/usenixsecurity17/technical-sessions/presentation/nikitin,official scholarly or archive locator plus local BibTeX snapshot,2026-09-16,venue_record_located_at_checked_source,eligible_current_record,record-level identifier/version check; not a comprehensive retraction-registry search,Interpretive claims remain bounded by study_extractions.csv and source_locations.csv.
W070,sigstore,Sigstore: Software Signing for Everybody,venue_recorded,doi:10.1145/3548606.3560596,https://doi.org/10.1145/3548606.3560596,DOI/official scholarly locator plus local BibTeX snapshot,2026-09-16,venue_record_located_at_checked_source,eligible_current_record,record-level identifier/version check; not a comprehensive retraction-registry search,Interpretive claims remain bounded by study_extractions.csv and source_locations.csv.
W071,diplomat,Diplomat: Using Delegations to Protect Community Repositories,venue_recorded,stable-record:https://www.usenix.org/conference/nsdi16/technical-sessions/presentation/kuppusamy,https://www.usenix.org/conference/nsdi16/technical-sessions/presentation/kuppusamy,official scholarly or archive locator plus local BibTeX snapshot,2026-09-16,venue_record_located_at_checked_source,eligible_current_record,record-level identifier/version check; not a comprehensive retraction-registry search,Interpretive claims remain bounded by study_extractions.csv and source_locations.csv.
W072,reprobuilds,Reproducible Builds: Increasing the Integrity of Software Supply Chains,venue_recorded,doi:10.1109/MS.2021.3073045,https://doi.org/10.1109/MS.2021.3073045,DOI/official scholarly locator plus local BibTeX snapshot,2026-09-16,venue_record_located_at_checked_source,eligible_current_record,record-level identifier/version check; not a comprehensive retraction-registry search,Interpretive claims remain bounded by study_extractions.csv and source_locations.csv.
W073,reprocontainers,Reproducible Containers,venue_recorded,doi:10.1145/3373376.3378519,https://doi.org/10.1145/3373376.3378519,DOI/official scholarly locator plus local BibTeX snapshot,2026-09-16,venue_record_located_at_checked_source,eligible_current_record,record-level identifier/version check; not a comprehensive retraction-registry search,Interpretive claims remain bounded by study_extractions.csv and source_locations.csv.
W074,githubci,Characterizing the Security of GitHub CI Workflows,venue_recorded,stable-record:https://www.usenix.org/conference/usenixsecurity22/presentation/koishybayev,https://www.usenix.org/conference/usenixsecurity22/presentation/koishybayev,official scholarly or archive locator plus local BibTeX snapshot,2026-09-16,venue_record_located_at_checked_source,eligible_current_record,record-level identifier/version check; not a comprehensive retraction-registry search,Interpretive claims remain bounded by study_extractions.csv and source_locations.csv.
W075,packagemanagers,A Look in the Mirror: Attacks on Package Managers,venue_recorded,doi:10.1145/1455770.1455841,https://doi.org/10.1145/1455770.1455841,DOI/official scholarly locator plus local BibTeX snapshot,2026-09-16,venue_record_located_at_checked_source,eligible_current_record,record-level identifier/version check; not a comprehensive retraction-registry search,Interpretive claims remain bounded by study_extractions.csv and source_locations.csv.
W076,duanpackages,Towards Measuring Supply Chain Attacks on Package Managers for Interpreted Languages,venue_recorded,doi:10.14722/ndss.2021.23055,https://doi.org/10.14722/ndss.2021.23055,DOI/official scholarly locator plus local BibTeX snapshot,2026-09-16,venue_record_located_at_checked_source,eligible_current_record,record-level identifier/version check; not a comprehensive retraction-registry search,Interpretive claims remain bounded by study_extractions.csv and source_locations.csv.
W077,backstabber,Backstabber's Knife Collection: A Review of Open Source Software Supply Chain Attacks,venue_recorded,doi:10.1007/978-3-030-52683-2_2,https://doi.org/10.1007/978-3-030-52683-2_2,DOI/official scholarly locator plus local BibTeX snapshot,2026-09-16,venue_record_located_at_checked_source,eligible_current_record,record-level identifier/version check; not a comprehensive retraction-registry search,Interpretive claims remain bounded by study_extractions.csv and source_locations.csv.
W078,npmworld,Small World with High Risks: A Study of Security Threats in the npm Ecosystem,venue_recorded,stable-record:https://www.usenix.org/conference/usenixsecurity19/presentation/zimmermann,https://www.usenix.org/conference/usenixsecurity19/presentation/zimmermann,official scholarly or archive locator plus local BibTeX snapshot,2026-09-16,venue_record_located_at_checked_source,eligible_current_record,record-level identifier/version check; not a comprehensive retraction-registry search,Interpretive claims remain bounded by study_extractions.csv and source_locations.csv.
W079,weaklinks,What Are Weak Links in the npm Supply Chain?,venue_recorded,doi:10.1145/3510457.3513044,https://doi.org/10.1145/3510457.3513044,DOI/official scholarly locator plus local BibTeX snapshot,2026-09-16,venue_record_located_at_checked_source,eligible_current_record,record-level identifier/version check; not a comprehensive retraction-registry search,Interpretive claims remain bounded by study_extractions.csv and source_locations.csv.
W080,legitimate,Le-git-imate: Towards Verifiable Web-Based Git Repositories,venue_recorded,doi:10.1145/3196494.3196523,https://doi.org/10.1145/3196494.3196523,DOI/official scholarly locator plus local BibTeX snapshot,2026-09-16,venue_record_located_at_checked_source,eligible_current_record,record-level identifier/version check; not a comprehensive retraction-registry search,Interpretive claims remain bounded by study_extractions.csv and source_locations.csv.
W081,contour,Contour: A Practical System for Binary Transparency,venue_recorded,doi:10.1007/978-3-030-00305-0_8,https://doi.org/10.1007/978-3-030-00305-0_8,DOI/official scholarly locator plus local BibTeX snapshot,2026-09-16,venue_record_located_at_checked_source,eligible_current_record,record-level identifier/version check; not a comprehensive retraction-registry search,Interpretive claims remain bounded by study_extractions.csv and source_locations.csv.
W082,text2app,Text2App: A Framework for Creating Android Apps from Text Descriptions,preprint_record,arxiv:2104.08301,https://arxiv.org/abs/2104.08301,official scholarly or archive locator plus local BibTeX snapshot,2026-09-16,active_preprint_record_located,eligible_current_record,record-level identifier/version check; not a comprehensive retraction-registry search,Interpretive claims remain bounded by study_extractions.csv and source_locations.csv.
W083,appforge,AppForge: From Assistant to Independent Developer---Are GPTs Ready for Software Development?,preprint_record,arxiv:2510.07740,https://arxiv.org/abs/2510.07740,official scholarly or archive locator plus local BibTeX snapshot,2026-09-16,active_preprint_record_located,eligible_current_record,record-level identifier/version check; not a comprehensive retraction-registry search,Interpretive claims remain bounded by study_extractions.csv and source_locations.csv.
W084,pearce,Asleep at the Keyboard? Assessing the Security of GitHub Copilot's Code Contributions,venue_recorded,doi:10.1109/SP46214.2022.9833571,https://doi.org/10.1109/SP46214.2022.9833571,DOI/official scholarly locator plus local BibTeX snapshot,2026-09-16,venue_record_located_at_checked_source,eligible_current_record,record-level identifier/version check; not a comprehensive retraction-registry search,Interpretive claims remain bounded by study_extractions.csv and source_locations.csv.
W085,perry,Do Users Write More Insecure Code with AI Assistants?,venue_recorded,doi:10.1145/3576915.3623157,https://doi.org/10.1145/3576915.3623157,DOI/official scholarly locator plus local BibTeX snapshot,2026-09-16,venue_record_located_at_checked_source,eligible_current_record,record-level identifier/version check; not a comprehensive retraction-registry search,Interpretive claims remain bounded by study_extractions.csv and source_locations.csv.
W086,sandoval,Lost at C: A User Study on the Security Implications of Large Language Model Code Assistants,venue_recorded,stable-record:https://www.usenix.org/conference/usenixsecurity23/presentation/sandoval,https://www.usenix.org/conference/usenixsecurity23/presentation/sandoval,official scholarly or archive locator plus local BibTeX snapshot,2026-09-16,venue_record_located_at_checked_source,eligible_current_record,record-level identifier/version check; not a comprehensive retraction-registry search,Interpretive claims remain bounded by study_extractions.csv and source_locations.csv.
W087,spracklen,We Have a Package for You! A Comprehensive Analysis of Package Hallucinations by Code Generating LLMs,venue_recorded,stable-record:https://www.usenix.org/conference/usenixsecurity25/presentation/spracklen,https://www.usenix.org/conference/usenixsecurity25/presentation/spracklen,official scholarly or archive locator plus local BibTeX snapshot,2026-09-16,venue_record_located_at_checked_source,eligible_current_record,record-level identifier/version check; not a comprehensive retraction-registry search,Interpretive claims remain bounded by study_extractions.csv and source_locations.csv.
W088,khoury,How Secure Is Code Generated by ChatGPT?,venue_recorded,doi:10.1109/SMC53992.2023.10394237,https://doi.org/10.1109/SMC53992.2023.10394237,DOI/official scholarly locator plus local BibTeX snapshot,2026-09-16,venue_record_located_at_checked_source,eligible_current_record,record-level identifier/version check; not a comprehensive retraction-registry search,Interpretive claims remain bounded by study_extractions.csv and source_locations.csv.
W089,codexleaks,CodexLeaks: Privacy Leaks from Code Generation Language Models in GitHub Copilot,venue_recorded,stable-record:https://www.usenix.org/conference/usenixsecurity23/presentation/niu,https://www.usenix.org/conference/usenixsecurity23/presentation/niu,official scholarly or archive locator plus local BibTeX snapshot,2026-09-16,venue_record_located_at_checked_source,eligible_current_record,record-level identifier/version check; not a comprehensive retraction-registry search,Interpretive claims remain bounded by study_extractions.csv and source_locations.csv.
W090,wurepack2026,Android App Repackaging Detection: A Comprehensive Survey,venue_recorded,doi:10.1016/j.csa.2026.100124,https://doi.org/10.1016/j.csa.2026.100124,DOI/official scholarly locator plus local BibTeX snapshot,2026-09-16,venue_record_located_at_checked_source,eligible_current_record,record-level identifier/version check; not a comprehensive retraction-registry search,Interpretive claims remain bounded by study_extractions.csv and source_locations.csv.
W091,zengtpsurvey2024,A Survey of Third-Party Library Security Research in Application Software,preprint_record,arxiv:2404.17955,https://arxiv.org/abs/2404.17955,official scholarly or archive locator plus local BibTeX snapshot,2026-09-16,active_preprint_record_located,eligible_current_record,record-level identifier/version check; not a comprehensive retraction-registry search,Interpretive claims remain bounded by study_extractions.csv and source_locations.csv.
W092,reichert2024,Software Supply Chain Security: A Systematic Literature Review,venue_recorded,doi:10.1080/1206212X.2024.2390978,https://doi.org/10.1080/1206212X.2024.2390978,DOI/official scholarly locator plus local BibTeX snapshot,2026-09-16,venue_record_located_at_checked_source,eligible_current_record,record-level identifier/version check; not a comprehensive retraction-registry search,Interpretive claims remain bounded by study_extractions.csv and source_locations.csv.
W093,williams2025,Research Directions in Software Supply Chain Security,venue_recorded,doi:10.1145/3714464,https://doi.org/10.1145/3714464,DOI/official scholarly locator plus local BibTeX snapshot,2026-09-16,venue_record_located_at_checked_source,eligible_current_record,record-level identifier/version check; not a comprehensive retraction-registry search,Interpretive claims remain bounded by study_extractions.csv and source_locations.csv.
W094,cyberrisk2026,Cyber Supply Chain Risk Management: From Threats to Treatment,venue_recorded,doi:10.1007/s10207-025-01207-9,https://doi.org/10.1007/s10207-025-01207-9,DOI/official scholarly locator plus local BibTeX snapshot,2026-09-16,venue_record_located_at_checked_source,eligible_current_record,record-level identifier/version check; not a comprehensive retraction-registry search,Interpretive claims remain bounded by study_extractions.csv and source_locations.csv.
W095,gokkaya2026,"Software Supply Chain: A Taxonomy of Attacks, Mitigations and Risk Assessment Strategies",venue_recorded,doi:10.1016/j.jisa.2025.104324,https://doi.org/10.1016/j.jisa.2025.104324,DOI/official scholarly locator plus local BibTeX snapshot,2026-09-16,venue_record_located_at_checked_source,eligible_current_record,record-level identifier/version check; not a comprehensive retraction-registry search,Interpretive claims remain bounded by study_extractions.csv and source_locations.csv.
W096,bi2024sbom,On the Way to SBOMs: Investigating Design Issues and Solutions in Practice,venue_recorded,doi:10.1145/3654442,https://doi.org/10.1145/3654442,DOI/official scholarly locator plus local BibTeX snapshot,2026-09-16,venue_record_located_at_checked_source,eligible_current_record,record-level identifier/version check; not a comprehensive retraction-registry search,Interpretive claims remain bounded by study_extractions.csv and source_locations.csv.
W097,bomsaway2024,BOMs Away! Inside the Minds of Stakeholders: A Comprehensive Study of Bills of Materials for Software Systems,venue_recorded,doi:10.1145/3597503.3623347,https://doi.org/10.1145/3597503.3623347,DOI/official scholarly locator plus local BibTeX snapshot,2026-09-16,venue_record_located_at_checked_source,eligible_current_record,record-level identifier/version check; not a comprehensive retraction-registry search,Interpretive claims remain bounded by study_extractions.csv and source_locations.csv.
