calibration_id,group,bib_key,title,motivating_problem,general_principle,evidence_argument,practical_connection,evaluation_breadth,artifact_strength,narrative_sequence,section_pattern,bibliography_size,figure_table_role,evidence_basis,limitation
C01,closest,repack,Rebooting Research on Detecting Repackaged Android Apps: Literature Review and Benchmark,Reproducibility and comparability weaknesses in Android repackaging research,Pair literature review with a shared benchmark,Taxonomy plus benchmark exposes dataset and evaluation mismatch,Directly informs benchmark and evidence-ceiling discussion,57 approaches plus RePack benchmark,Public benchmark and methodological audit,problem→review→benchmark→lessons,review method; taxonomy; benchmark; implications,not recounted for this calibration,tables organize methods and benchmark findings,selected full text and publisher record,Historical scope predates current AI-mediated workflows
C02,closest,tpl,Research on Third-Party Libraries in Android Apps: A Taxonomy and Systematic Literature Review,Fragmented Android third-party-library identification and security research,"Separate module decoupling, family, version, and security tasks",Systematic taxonomy prevents task conflation,Directly informs component/version claim ceilings,74 retained TPL studies,Taxonomy and corpus ledger,problem→protocol→taxonomy→task synthesis→agenda,method; taxonomy; task synthesis; challenges,not recounted,taxonomy figures/tables carry synthesis,selected full text and publisher record,Does not supply end-to-end lineage authority
C03,closest,zengtpsurvey2024,A Survey of Third-Party Library Security Research in Application Software,Cross-application TPL security evidence is distributed across tasks,"Map detection, vulnerability, and maintenance evidence separately",Survey synthesis reveals distinct evidence objects,Informs component-risk boundaries,Broad application-software TPL survey,Public preprint with structured synthesis,scope→taxonomy→evidence→gaps,background; taxonomy; security issues; directions,not recounted,tables compare task families,selected preprint text,Preprint status and broad application scope
C04,closest,astra,SoK: A Defense-Oriented Evaluation of Software Supply Chain Security,Defense selection lacks a causal supply-chain model,"Represent Artifacts, Steps, Resources, and Principals explicitly",Objectives are evaluated against causal entities and attacks,Provides process/principal vocabulary for L4-L5,Cross-domain defense systematization and attack validation,Explicit graph model and mappings,problem→model→objectives→defenses→validation→agenda,model; objectives; technique classes; case validation,not recounted,model and mapping tables are central,selected published/preprint text and IEEE record,Not Android-specific and not artifact-derivation evidence
C05,closest,properties,SoK: Analysis of Software Supply Chain Security by Establishing Secure Design Properties,Supply-chain defenses are compared without common security properties,Evaluate designs against explicit secure-design properties,Property matrix makes partial coverage visible,Supports non-substitutability of controls,Systematization across defense classes,Structured property framework,problem→properties→systems→comparison→gaps,properties; systems; comparative analysis,not recounted,comparison matrices drive argument,selected full text and publisher record,Properties do not prove a concrete release is safe
C06,closest,ladisa,SoK: Taxonomy of Attacks on Open-Source Software Supply Chains,Open-source supply-chain attacks lack a coherent attack taxonomy,Organize attacks by lifecycle location and mechanism,Incident-grounded taxonomy links threats to mitigations,Supports threat/counter-history construction,Large attack and literature corpus,Public taxonomy and dataset links,motivation→method→taxonomy→incidents→mitigation,method; taxonomy; analysis; implications,not recounted,taxonomy figure and incident tables,selected full text and publisher record,Attack taxonomy is not a provenance proof
C07,closest,ohmstuke,SoK: Practical Detection of Software Supply Chain Attacks,Detection research is scattered across supply-chain attack stages,Map detection techniques to attack vectors and observability,Systematization exposes blind spots,Supports evidence-localization agenda,Cross-stage detection literature,Structured SoK tables,problem→attack model→detections→coverage gaps,model; techniques; comparison; gaps,not recounted,coverage tables are central,selected full text and publisher record,Does not establish Android lineage relations
C08,closest,williams2025,Research Directions in Software Supply Chain Security,Supply-chain security priorities need consolidated research directions,Derive directions from attack vectors and current defenses,Cross-source synthesis identifies unresolved reachability and adoption issues,Supports forward agenda and limitations,Broad research-direction synthesis,Author manuscript and journal record,problem→threats→defenses→directions,threats; mechanisms; agenda,not recounted,summary tables organize directions,selected author manuscript and venue record,Directions are not empirical guarantees
C09,closest,gokkaya2026,"Software Supply Chain: A Taxonomy of Attacks, Mitigations and Risk Assessment Strategies","Attack, mitigation, and risk frameworks use inconsistent categories","Unify attacks, mitigations, and risk assessment",Taxonomic synthesis makes control gaps comparable,Supports risk/policy separation,Broad literature taxonomy,Structured published synthesis,scope→method→taxonomy→risk→controls,method; taxonomy; assessment; implications,not recounted,taxonomy tables and conceptual figures,selected full text and venue record,No digest-level mobile binding
C10,closest,cyberrisk2026,Cyber Supply Chain Risk Management: From Threats to Treatment,Cyber-supply-chain risk treatments are fragmented,"Connect threats, assessment, and treatment in one review",Bounded review identifies organizational and technical treatment classes,Provides a strong adjacent review and negative-control scope,30 selected papers reported by source,Open version-of-record article,problem→method→threats→treatments→framework,method; risk sources; treatment; discussion,not recounted,figures/tables summarize risk pathways,selected version-of-record sections,Broad cyber-supply-chain scope; not Android artifact lineage
C11,closest,staticandroid,Static Analysis of Android Apps: A Systematic Literature Review,Android static analysis evidence is broad and heterogeneous,"Systematically classify analyses, properties, and evaluation",Method taxonomy separates what analyses can observe,Calibrates evidence-object reporting,Large systematic Android-analysis literature,Review protocol and taxonomy,motivation→protocol→classification→evidence→challenges,method; taxonomy; synthesis; challenges,not recounted,taxonomy and evidence tables,selected full text and publisher record,Static analysis does not authenticate process history
C12,closest,tamandroid,The Evolution of Android Malware and Android Analysis Techniques,Android malware and analysis techniques evolve together,Organize generations of threats and analyses temporally,Historical synthesis links transformations to analysis limits,Provides field evolution context,Broad longitudinal literature,Survey taxonomy,history→taxonomy→techniques→challenges,evolution; malware; analysis; future work,not recounted,timeline/taxonomy tables,selected full text and publisher record,Malware analysis is not a lineage decision by itself
I01,influential_method,androidtesting,Automated Testing of Android Apps: A Systematic Literature Review,Android test techniques use incompatible goals and oracles,"Classify test objectives, inputs, and oracles",Systematic review shows evaluation diversity,Calibrates how to report oracles and breadth,Large Android testing corpus,Explicit protocol and classification,problem→method→taxonomy→comparison→agenda,protocol; taxonomy; evaluation; challenges,not recounted,tables compare testing dimensions,selected full text and publisher record,"Testing taxonomy is adjacent, not lineage evidence"
I02,influential_method,sufatrio,"Securing Android: A Survey, Taxonomy, and Challenges",Android security mechanisms span disconnected layers,Use a layered taxonomy of threats and defenses,Survey maps mechanisms to ecosystem components,Calibrates accessible broad-to-narrow exposition,Broad Android security literature,Mature survey taxonomy,ecosystem→threats→defenses→challenges,platform; applications; markets; research needs,not recounted,taxonomy tables organize scope,selected full text and publisher record,Predates current supply-chain and AI context
I03,influential_method,xuandroid,Toward Engineering a Secure Android Ecosystem: A Survey of Existing Techniques,Secure Android ecosystems require cross-stakeholder engineering,"Connect platform, market, developer, and user techniques",Survey compares existing techniques and gaps,Calibrates ecosystem-level practical connection,Broad ecosystem techniques,Comprehensive survey,problem→ecosystem actors→techniques→gaps,ecosystem; techniques; comparison; agenda,not recounted,tables compare mechanisms,selected full text and publisher record,Does not supply claim-ceiling bindings
I04,influential_method,brereton,Lessons from Applying the Systematic Literature Review Process within the Software Engineering Domain,Systematic-review guidance can fail in software engineering practice,Report lessons from applying a review protocol,Experience evidence identifies protocol and reporting pitfalls,Supports honest method limitations,Multiple software-engineering reviews,Methodological lessons,method→experience→problems→recommendations,planning; conduct; reporting; lessons,not recounted,tables summarize practical lessons,selected full text and publisher record,Method guidance is not topical evidence
I05,influential_method,wohlin,Guidelines for Snowballing in Systematic Literature Studies and a Replication in Software Engineering,Database search alone misses relevant software-engineering studies,Use documented backward and forward snowballing,Replication compares search routes and stopping logic,Supports retrospective discovery trace and snowballing,Guideline plus replication,Reproducible search procedure,problem→guideline→replication→lessons,guideline; execution; comparison; threats,not recounted,flow diagrams/tables document search,selected full text and publisher record,Does not create a complete denominator here
A01,adjacent_evidence,droidmoss,Detecting Repackaged Smartphone Applications in Third-Party Android Marketplaces,Repackaged Android apps need scalable market-level detection,Use fuzzy hashing over instruction sequences,Market evaluation demonstrates candidate retrieval under transformations,Grounds L2 resemblance mechanisms,Large third-party-market study,Implemented detector,problem→method→evaluation→findings,features; matching; dataset; results,not recounted,pipeline and result tables,selected full text and publisher record,Similarity does not prove direction or authority
A02,adjacent_evidence,libid,LibID: Reliable Identification of Obfuscated Third-Party Android Libraries,Obfuscation complicates Android library identification,Use stable library features and version-aware matching,Evaluation separates family/version identification,Grounds L1 component/version distinction,Cross-library and transformed-app evaluation,Implemented system and datasets,problem→design→implementation→evaluation,features; index; evaluation; applications,not recounted,architecture and result tables,selected full text and publisher record,Database and partial-inclusion limits remain
A03,adjacent_evidence,intoto,in-toto: Providing Farm-to-Table Guarantees for Bits and Bytes,Build pipelines need end-to-end supply-chain evidence,Link signed step metadata to a layout policy,Prototype and case studies show authenticated process chains,Grounds L4 provenance and policy bindings,Multiple pipeline scenarios,Open specification and implementation,threat→design→metadata→verification→cases,threat model; design; implementation; evaluation,not recounted,architecture/protocol figures,selected full text and publisher record,Authenticated steps do not prove benign behavior
A04,adjacent_evidence,tuf,Survivable Key Compromise in Software Update Systems,Software updates must survive key compromise,"Separate delegated roles, thresholds, expiry, and rollback protection",Formalized threat model plus implementation experience,Grounds L5 authorization scope,Update-system attacks and deployments,Open framework,threat→goals→design→analysis→deployment,threats; roles; metadata; evaluation,not recounted,role/delegation diagrams,selected full text and publisher record,Authorization policy does not establish semantics
A05,adjacent_evidence,flowdroid,"FlowDroid: Precise Context, Flow, Field, Object-Sensitive and Lifecycle-Aware Taint Analysis for Android Apps",Android behavior analysis needs lifecycle- and context-sensitive data flow,Model Android lifecycle while preserving precision,Benchmark evaluation reports precision/recall and performance,Grounds L6 property-specific analysis,Multiple benchmarks and real apps,Implemented analyzer and benchmark results,problem→analysis model→implementation→evaluation,model; algorithm; evaluation; limitations,not recounted,analysis/pipeline figures and result tables,selected full text and publisher record,Taint analysis does not establish ancestry or authorization
