record_id,bib_key,title,year,stratum,role,publication_evidence,reading_depth,evidence_object,claim_ceiling,source_basis,source_url_or_access_note,access_date,verification_status,included
W001,repack,Rebooting Research on Detecting Repackaged Android Apps: Literature Review and Benchmark,2021,review_and_method,secondary_or_method,venue_recorded,full_or_selected_source,"review taxonomy, protocol, or cross-cutting framework",cross-cutting,full text or selected source passages plus bibliographic record; exact reading boundary retained in extraction ledger,https://doi.org/10.1109/TSE.2019.2901679,2026-09-13,source_coded_with_explicit_inference_limit,true
W002,tpl,Research on Third-Party Libraries in Android Apps: A Taxonomy and Systematic Literature Review,2022,review_and_method,secondary_or_method,venue_recorded,full_or_selected_source,"review taxonomy, protocol, or cross-cutting framework",cross-cutting,full text or selected source passages plus bibliographic record; exact reading boundary retained in extraction ledger,https://doi.org/10.1109/TSE.2021.3114381,2026-09-13,source_coded_with_explicit_inference_limit,true
W003,staticandroid,Static Analysis of Android Apps: A Systematic Literature Review,2017,review_and_method,secondary_or_method,venue_recorded,full_or_selected_source,"review taxonomy, protocol, or cross-cutting framework",cross-cutting,full text or selected source passages plus bibliographic record; exact reading boundary retained in extraction ledger,https://doi.org/10.1016/j.infsof.2017.04.001,2026-09-13,source_coded_with_explicit_inference_limit,true
W004,androidtesting,Automated Testing of Android Apps: A Systematic Literature Review,2019,review_and_method,secondary_or_method,venue_recorded,full_or_selected_source,"review taxonomy, protocol, or cross-cutting framework",cross-cutting,full text or selected source passages plus bibliographic record; exact reading boundary retained in extraction ledger,https://doi.org/10.1109/TR.2018.2865733,2026-09-13,source_coded_with_explicit_inference_limit,true
W005,sufatrio,"Securing Android: A Survey, Taxonomy, and Challenges",2015,review_and_method,secondary_or_method,venue_recorded,full_or_selected_source,"review taxonomy, protocol, or cross-cutting framework",cross-cutting,full text or selected source passages plus bibliographic record; exact reading boundary retained in extraction ledger,https://doi.org/10.1145/2733306,2026-09-13,source_coded_with_explicit_inference_limit,true
W006,xuandroid,Toward Engineering a Secure Android Ecosystem: A Survey of Existing Techniques,2016,review_and_method,secondary_or_method,venue_recorded,full_or_selected_source,"review taxonomy, protocol, or cross-cutting framework",cross-cutting,full text or selected source passages plus bibliographic record; exact reading boundary retained in extraction ledger,https://doi.org/10.1145/2963145,2026-09-13,source_coded_with_explicit_inference_limit,true
W007,tamandroid,The Evolution of Android Malware and Android Analysis Techniques,2017,review_and_method,secondary_or_method,venue_recorded,full_or_selected_source,"review taxonomy, protocol, or cross-cutting framework",cross-cutting,full text or selected source passages plus bibliographic record; exact reading boundary retained in extraction ledger,https://doi.org/10.1145/3017427,2026-09-13,source_coded_with_explicit_inference_limit,true
W008,brereton,Lessons from Applying the Systematic Literature Review Process within the Software Engineering Domain,2007,review_and_method,secondary_or_method,venue_recorded,full_or_selected_source,"review taxonomy, protocol, or cross-cutting framework",cross-cutting,full text or selected source passages plus bibliographic record; exact reading boundary retained in extraction ledger,https://doi.org/10.1016/j.jss.2006.07.009,2026-09-13,source_coded_with_explicit_inference_limit,true
W009,wohlin,Guidelines for Snowballing in Systematic Literature Studies and a Replication in Software Engineering,2014,review_and_method,secondary_or_method,venue_recorded,full_or_selected_source,"review taxonomy, protocol, or cross-cutting framework",cross-cutting,full text or selected source passages plus bibliographic record; exact reading boundary retained in extraction ledger,https://doi.org/10.1145/2601248.2601268,2026-09-13,source_coded_with_explicit_inference_limit,true
W010,kitchenham,Procedures for Performing Systematic Reviews,2004,review_and_method,secondary_or_method,technical_method_report,full_or_selected_source,"review taxonomy, protocol, or cross-cutting framework",cross-cutting,full text or selected source passages plus bibliographic record; exact reading boundary retained in extraction ledger,https://www.inf.ufsc.br/~aldo.vw/kitchenham.pdf,2026-09-13,source_coded_with_explicit_inference_limit,true
W011,blackburn,Wake Up and Smell the Coffee: Evaluation Methodology for the 21st Century,2008,review_and_method,secondary_or_method,venue_recorded,full_or_selected_source,"review taxonomy, protocol, or cross-cutting framework",cross-cutting,full text or selected source passages plus bibliographic record; exact reading boundary retained in extraction ledger,https://doi.org/10.1145/1378704.1378723,2026-09-13,source_coded_with_explicit_inference_limit,true
W012,astra,SoK: A Defense-Oriented Evaluation of Software Supply Chain Security,2026,review_and_method,secondary_or_method,venue_recorded,full_or_selected_source,"review taxonomy, protocol, or cross-cutting framework",cross-cutting,full text or selected source passages plus bibliographic record; exact reading boundary retained in extraction ledger,https://ieeexplore.ieee.org/document/11624354,2026-09-16,source_coded_with_explicit_inference_limit; published_version_verified_2026_09_16,true
W013,properties,SoK: Analysis of Software Supply Chain Security by Establishing Secure Design Properties,2022,review_and_method,secondary_or_method,venue_recorded,full_or_selected_source,"review taxonomy, protocol, or cross-cutting framework",cross-cutting,full text or selected source passages plus bibliographic record; exact reading boundary retained in extraction ledger,https://doi.org/10.1145/3560835.3564556,2026-09-13,source_coded_with_explicit_inference_limit,true
W014,ladisa,SoK: Taxonomy of Attacks on Open-Source Software Supply Chains,2023,review_and_method,secondary_or_method,venue_recorded,full_or_selected_source,"review taxonomy, protocol, or cross-cutting framework",cross-cutting,full text or selected source passages plus bibliographic record; exact reading boundary retained in extraction ledger,https://doi.org/10.1109/SP46215.2023.10179304,2026-09-13,source_coded_with_explicit_inference_limit,true
W015,ohmstuke,SoK: Practical Detection of Software Supply Chain Attacks,2023,review_and_method,secondary_or_method,venue_recorded,full_or_selected_source,"review taxonomy, protocol, or cross-cutting framework",cross-cutting,full text or selected source passages plus bibliographic record; exact reading boundary retained in extraction ledger,https://doi.org/10.1145/3600160.3600162,2026-09-13,source_coded_with_explicit_inference_limit,true
W016,droidmoss,Detecting Repackaged Smartphone Applications in Third-Party Android Marketplaces,2012,android_artifact,primary_or_system,venue_recorded,full_or_selected_source,"APK code, graph, resource, UI, behavior, pair, or benchmark",L0-L3 or L6,full text or selected source passages plus bibliographic record; exact reading boundary retained in extraction ledger,https://doi.org/10.1145/2133601.2133640,2026-09-13,source_coded_with_explicit_inference_limit,true
W017,attackclones,Attack of the Clones: Detecting Cloned Applications on Android Markets,2012,android_artifact,primary_or_system,venue_recorded,full_or_selected_source,"APK code, graph, resource, UI, behavior, pair, or benchmark",L0-L3 or L6,full text or selected source passages plus bibliographic record; exact reading boundary retained in extraction ledger,https://doi.org/10.1007/978-3-642-33167-1_3,2026-09-13,source_coded_with_explicit_inference_limit,true
W018,adrob,AdRob: Examining the Landscape and Impact of Android Application Plagiarism,2013,android_artifact,primary_or_system,venue_recorded,publisher_abstract_or_selected_source,"APK code, graph, resource, UI, behavior, pair, or benchmark",L0-L3 or L6,publisher/author abstract or selected source passage plus bibliographic record; no full-text completeness claim,https://doi.org/10.1145/2462456.2464461,2026-09-13,source_coded_with_explicit_inference_limit,true
W019,appink,AppInk: Watermarking Android Apps for Repackaging Deterrence,2013,android_artifact,primary_or_system,venue_recorded,publisher_abstract_or_selected_source,"APK code, graph, resource, UI, behavior, pair, or benchmark",L0-L3 or L6,publisher/author abstract or selected source passage plus bibliographic record; no full-text completeness claim,https://doi.org/10.1145/2484313.2484315,2026-09-13,source_coded_with_explicit_inference_limit,true
W020,droidmarking,DroidMarking: Resilient Software Watermarking for Impeding Android Application Repackaging,2014,android_artifact,primary_or_system,venue_recorded,publisher_abstract_or_selected_source,"APK code, graph, resource, UI, behavior, pair, or benchmark",L0-L3 or L6,publisher/author abstract or selected source passage plus bibliographic record; no full-text completeness claim,https://doi.org/10.1145/2642937.2642977,2026-09-13,source_coded_with_explicit_inference_limit,true
W021,codematch,CodeMatch: Obfuscation Won't Conceal Your Repackaged App,2017,android_artifact,primary_or_system,venue_recorded,full_or_selected_source,"APK code, graph, resource, UI, behavior, pair, or benchmark",L0-L3 or L6,full text or selected source passages plus bibliographic record; exact reading boundary retained in extraction ledger,https://doi.org/10.1145/3106237.3106305,2026-09-13,source_coded_with_explicit_inference_limit,true
W022,heterogeneity,Detection of Repackaged Android Malware with Code-Heterogeneity Features,2020,android_artifact,primary_or_system,venue_recorded,publisher_abstract_or_selected_source,"APK code, graph, resource, UI, behavior, pair, or benchmark",L0-L3 or L6,publisher/author abstract or selected source passage plus bibliographic record; no full-text completeness claim,https://doi.org/10.1109/TDSC.2017.2745575,2026-09-13,source_coded_with_explicit_inference_limit,true
W023,dapasa,DAPASA: Detecting Android Piggybacked Apps through Sensitive Subgraph Analysis,2017,android_artifact,primary_or_system,venue_recorded,full_or_selected_source,"APK code, graph, resource, UI, behavior, pair, or benchmark",L0-L3 or L6,full text or selected source passages plus bibliographic record; exact reading boundary retained in extraction ledger,https://doi.org/10.1109/TIFS.2017.2687880,2026-09-13,source_coded_with_explicit_inference_limit,true
W024,appraiser,Appraiser: A Large Scale Analysis of Android Clone Apps,2017,android_artifact,primary_or_system,venue_recorded,publisher_abstract_or_selected_source,"APK code, graph, resource, UI, behavior, pair, or benchmark",L0-L3 or L6,publisher/author abstract or selected source passage plus bibliographic record; no full-text completeness claim,https://doi.org/10.1587/transinf.2016ICP0012,2026-09-13,source_coded_with_explicit_inference_limit,true
W025,repdroid,RepDroid: An Automated Tool for Android Application Repackaging Detection,2017,android_artifact,primary_or_system,venue_recorded,publisher_abstract_or_selected_source,"APK code, graph, resource, UI, behavior, pair, or benchmark",L0-L3 or L6,publisher/author abstract or selected source passage plus bibliographic record; no full-text completeness claim,https://doi.org/10.1109/ICPC.2017.16,2026-09-13,source_coded_with_explicit_inference_limit,true
W026,simidroid,SimiDroid: Identifying and Explaining Similarities in Android Apps,2017,android_artifact,primary_or_system,venue_recorded,full_or_selected_source,"APK code, graph, resource, UI, behavior, pair, or benchmark",L0-L3 or L6,full text or selected source passages plus bibliographic record; exact reading boundary retained in extraction ledger,https://doi.org/10.1109/Trustcom/BigDataSE/ICESS.2017.230,2026-09-13,source_coded_with_explicit_inference_limit,true
W027,similarapps,On Automatically Detecting Similar Android Apps,2016,android_artifact,primary_or_system,venue_recorded,publisher_abstract_or_selected_source,"APK code, graph, resource, UI, behavior, pair, or benchmark",L0-L3 or L6,publisher/author abstract or selected source passage plus bibliographic record; no full-text completeness claim,https://doi.org/10.1109/ICPC.2016.7503721,2026-09-13,source_coded_with_explicit_inference_limit,true
W028,resourceeval,Evaluation of Resource-Based App Repackaging Detection in Android,2016,android_artifact,primary_or_system,venue_recorded,full_or_selected_source,"APK code, graph, resource, UI, behavior, pair, or benchmark",L0-L3 or L6,full text or selected source passages plus bibliographic record; exact reading boundary retained in extraction ledger,https://doi.org/10.1007/978-3-319-47560-8_9,2026-09-13,source_coded_with_explicit_inference_limit,true
W029,semanticsrepack,Semantics-Based Repackaging Detection for Mobile Apps,2016,android_artifact,primary_or_system,venue_recorded,publisher_abstract_or_selected_source,"APK code, graph, resource, UI, behavior, pair, or benchmark",L0-L3 or L6,publisher/author abstract or selected source passage plus bibliographic record; no full-text completeness claim,https://doi.org/10.1007/978-3-319-30806-7_6,2026-09-13,source_coded_with_explicit_inference_limit,true
W030,androsimilar,AndroSimilar: Robust Signature for Detecting Variants of Android Malware,2015,android_artifact,primary_or_system,venue_recorded,publisher_abstract_or_selected_source,"APK code, graph, resource, UI, behavior, pair, or benchmark",L0-L3 or L6,publisher/author abstract or selected source passage plus bibliographic record; no full-text completeness claim,https://doi.org/10.1016/j.jisa.2014.10.011,2026-09-13,source_coded_with_explicit_inference_limit,true
W031,droideagle,DroidEagle: Seamless Detection of Visually Similar Android Apps,2015,android_artifact,primary_or_system,venue_recorded,publisher_abstract_or_selected_source,"APK code, graph, resource, UI, behavior, pair, or benchmark",L0-L3 or L6,publisher/author abstract or selected source passage plus bibliographic record; no full-text completeness claim,https://doi.org/10.1145/2766498.2766508,2026-09-13,source_coded_with_explicit_inference_limit,true
W032,massvet,Finding Unknown Malice in 10 Seconds: Mass Vetting for New Threats at the Google-Play Scale,2015,android_artifact,primary_or_system,venue_recorded,full_or_selected_source,"APK code, graph, resource, UI, behavior, pair, or benchmark",L0-L3 or L6,full text or selected source passages plus bibliographic record; exact reading boundary retained in extraction ledger,https://www.usenix.org/conference/usenixsecurity15/technical-sessions/presentation/chen-kai,2026-09-13,source_coded_with_explicit_inference_limit,true
W033,wukong,WuKong: A Scalable and Accurate Two-Phase Approach to Android App Clone Detection,2015,android_artifact,primary_or_system,venue_recorded,publisher_abstract_or_selected_source,"APK code, graph, resource, UI, behavior, pair, or benchmark",L0-L3 or L6,publisher/author abstract or selected source passage plus bibliographic record; no full-text completeness claim,https://doi.org/10.1145/2771783.2771795,2026-09-13,source_coded_with_explicit_inference_limit,true
W034,andarwin,Andarwin: Scalable Detection of Android Application Clones Based on Semantics,2015,android_artifact,primary_or_system,venue_recorded,full_or_selected_source,"APK code, graph, resource, UI, behavior, pair, or benchmark",L0-L3 or L6,full text or selected source passages plus bibliographic record; exact reading boundary retained in extraction ledger,https://doi.org/10.1109/TMC.2014.2381212,2026-09-13,source_coded_with_explicit_inference_limit,true
W035,accuracyclone,Achieving Accuracy and Scalability Simultaneously in Detecting Application Clones on Android Markets,2014,android_artifact,primary_or_system,venue_recorded,publisher_abstract_or_selected_source,"APK code, graph, resource, UI, behavior, pair, or benchmark",L0-L3 or L6,publisher/author abstract or selected source passage plus bibliographic record; no full-text completeness claim,https://doi.org/10.1145/2568225.2568286,2026-09-13,source_coded_with_explicit_inference_limit,true
W036,fsquadra,FSquaDRA: Fast Detection of Repackaged Applications,2014,android_artifact,primary_or_system,venue_recorded,full_or_selected_source,"APK code, graph, resource, UI, behavior, pair, or benchmark",L0-L3 or L6,full text or selected source passages plus bibliographic record; exact reading boundary retained in extraction ledger,https://doi.org/10.1007/978-3-662-43936-4_9,2026-09-13,source_coded_with_explicit_inference_limit,true
W037,resourcedriven,Towards a Scalable Resource-Driven Approach for Detecting Repackaged Android Applications,2014,android_artifact,primary_or_system,venue_recorded,publisher_abstract_or_selected_source,"APK code, graph, resource, UI, behavior, pair, or benchmark",L0-L3 or L6,publisher/author abstract or selected source passage plus bibliographic record; no full-text completeness claim,https://doi.org/10.1145/2664243.2664275,2026-09-13,source_coded_with_explicit_inference_limit,true
W038,viewdroid,ViewDroid: Towards Obfuscation-Resilient Mobile Application Repackaging Detection,2014,android_artifact,primary_or_system,venue_recorded,full_or_selected_source,"APK code, graph, resource, UI, behavior, pair, or benchmark",L0-L3 or L6,full text or selected source passages plus bibliographic record; exact reading boundary retained in extraction ledger,https://doi.org/10.1145/2627393.2627395,2026-09-13,source_coded_with_explicit_inference_limit,true
W039,droidkin,DroidKin: Lightweight Detection of Android Apps Similarity,2014,android_artifact,primary_or_system,venue_recorded,publisher_abstract_or_selected_source,"APK code, graph, resource, UI, behavior, pair, or benchmark",L0-L3 or L6,publisher/author abstract or selected source passage plus bibliographic record; no full-text completeness claim,https://doi.org/10.1007/978-3-319-23829-6_30,2026-09-13,source_coded_with_explicit_inference_limit,true
W040,juxtapp,Juxtapp: A Scalable System for Detecting Code Reuse among Android Applications,2012,android_artifact,primary_or_system,venue_recorded,publisher_abstract_or_selected_source,"APK code, graph, resource, UI, behavior, pair, or benchmark",L0-L3 or L6,publisher/author abstract or selected source passage plus bibliographic record; no full-text completeness claim,https://doi.org/10.1007/978-3-642-37300-8_4,2026-09-13,source_coded_with_explicit_inference_limit,true
W041,plagiarizing,Plagiarizing Smartphone Applications: Attack Strategies and Defense Techniques,2012,android_artifact,primary_or_system,venue_recorded,publisher_abstract_or_selected_source,"APK code, graph, resource, UI, behavior, pair, or benchmark",L0-L3 or L6,publisher/author abstract or selected source passage plus bibliographic record; no full-text completeness claim,https://doi.org/10.1007/978-3-642-28166-2_11,2026-09-13,source_coded_with_explicit_inference_limit,true
W042,reuseandroid,Understanding Reuse in the Android Market,2012,android_artifact,primary_or_system,venue_recorded,publisher_abstract_or_selected_source,"APK code, graph, resource, UI, behavior, pair, or benchmark",L0-L3 or L6,publisher/author abstract or selected source passage plus bibliographic record; no full-text completeness claim,https://doi.org/10.1109/ICPC.2012.6240477,2026-09-13,source_coded_with_explicit_inference_limit,true
W043,piggybacking,Understanding Android App Piggybacking: A Systematic Study of Malicious Code Grafting,2017,android_artifact,primary_or_system,venue_recorded,full_or_selected_source,"APK code, graph, resource, UI, behavior, pair, or benchmark",L0-L3 or L6,full text or selected source passages plus bibliographic record; exact reading boundary retained in extraction ledger,https://doi.org/10.1109/TIFS.2017.2656460,2026-09-13,source_coded_with_explicit_inference_limit,true
W044,repackeval,A Framework for Evaluating Mobile App Repackaging Detection Algorithms,2013,android_artifact,primary_or_system,venue_recorded,full_or_selected_source,"APK code, graph, resource, UI, behavior, pair, or benchmark",L0-L3 or L6,full text or selected source passages plus bibliographic record; exact reading boundary retained in extraction ledger,https://doi.org/10.1007/978-3-642-38908-5_13,2026-09-13,source_coded_with_explicit_inference_limit,true
W045,androzoo,AndroZoo: Collecting Millions of Android Apps for the Research Community,2016,android_artifact,primary_or_system,venue_recorded,full_or_selected_source,"APK code, graph, resource, UI, behavior, pair, or benchmark",L0-L3 or L6,full text or selected source passages plus bibliographic record; exact reading boundary retained in extraction ledger,https://doi.org/10.1145/2901739.2903508,2026-09-13,source_coded_with_explicit_inference_limit,true
W046,droidchameleon,DroidChameleon: Evaluating Android Anti-Malware against Transformation Attacks,2013,android_artifact,primary_or_system,venue_recorded,full_or_selected_source,"APK code, graph, resource, UI, behavior, pair, or benchmark",L0-L3 or L6,full text or selected source passages plus bibliographic record; exact reading boundary retained in extraction ledger,https://doi.org/10.1145/2484313.2484355,2026-09-13,source_coded_with_explicit_inference_limit,true
W047,drebin,DREBIN: Effective and Explainable Detection of Android Malware in Your Pocket,2014,android_artifact,primary_or_system,venue_recorded,publisher_abstract_or_selected_source,"APK code, graph, resource, UI, behavior, pair, or benchmark",L0-L3 or L6,publisher/author abstract or selected source passage plus bibliographic record; no full-text completeness claim,https://www.ndss-symposium.org/ndss2014/ndss-2014-programme/drebin-effective-and-explainable-detection-android-malware-your-pocket/,2026-09-13,source_coded_with_explicit_inference_limit,true
W048,mamadroid,MaMaDroid: Detecting Android Malware by Building Markov Chains of Behavioral Models,2017,android_artifact,primary_or_system,venue_recorded,full_or_selected_source,"APK code, graph, resource, UI, behavior, pair, or benchmark",L0-L3 or L6,selected full-text sections plus bibliographic record; exact reading boundary retained in source_locations.csv,https://arxiv.org/abs/1711.07477,2026-09-13,source_coded_with_explicit_inference_limit,true
W049,flowdroid,"FlowDroid: Precise Context, Flow, Field, Object-Sensitive and Lifecycle-Aware Taint Analysis for Android Apps",2014,android_artifact,primary_or_system,venue_recorded,full_or_selected_source,"APK code, graph, resource, UI, behavior, pair, or benchmark",L0-L3 or L6,full text or selected source passages plus bibliographic record; exact reading boundary retained in extraction ledger,https://doi.org/10.1145/2594291.2594299,2026-09-13,source_coded_with_explicit_inference_limit,true
W050,commonlibraries,An Investigation into the Use of Common Libraries in Android Apps,2016,third_party_library,primary_or_system,venue_recorded,publisher_abstract_or_selected_source,"library region, family, version, update, or vulnerability link",L1-L3 or L6,publisher/author abstract or selected source passage plus bibliographic record; no full-text completeness claim,https://doi.org/10.1109/SANER.2016.52,2026-09-13,source_coded_with_explicit_inference_limit,true
W051,libd,LibD: Scalable and Precise Third-Party Library Detection in Android Markets,2017,third_party_library,primary_or_system,venue_recorded,full_or_selected_source,"library region, family, version, update, or vulnerability link",L1-L3 or L6,full text or selected source passages plus bibliographic record; exact reading boundary retained in extraction ledger,https://doi.org/10.1109/ICSE.2017.38,2026-09-13,source_coded_with_explicit_inference_limit,true
W052,libradar,LibRadar: Fast and Accurate Detection of Third-Party Libraries in Android Apps,2016,third_party_library,primary_or_system,venue_recorded,full_or_selected_source,"library region, family, version, update, or vulnerability link",L1-L3 or L6,full text or selected source passages plus bibliographic record; exact reading boundary retained in extraction ledger,https://doi.org/10.1145/2889160.2889178,2026-09-13,source_coded_with_explicit_inference_limit,true
W053,libscout,Reliable Third-Party Library Detection in Android and Its Security Applications,2016,third_party_library,primary_or_system,venue_recorded,full_or_selected_source,"library region, family, version, update, or vulnerability link",L1-L3 or L6,full text or selected source passages plus bibliographic record; exact reading boundary retained in extraction ledger,https://doi.org/10.1145/2976749.2978333,2026-09-13,source_coded_with_explicit_inference_limit,true
W054,libid,LibID: Reliable Identification of Obfuscated Third-Party Android Libraries,2019,third_party_library,primary_or_system,venue_recorded,full_or_selected_source,"library region, family, version, update, or vulnerability link",L1-L3 or L6,full text or selected source passages plus bibliographic record; exact reading boundary retained in extraction ledger,https://doi.org/10.1145/3293882.3330563,2026-09-13,source_coded_with_explicit_inference_limit,true
W055,orlis,ORLIS: Obfuscation-Resilient Library Detection for Android,2018,third_party_library,primary_or_system,venue_recorded,full_or_selected_source,"library region, family, version, update, or vulnerability link",L1-L3 or L6,full text or selected source passages plus bibliographic record; exact reading boundary retained in extraction ledger,https://doi.org/10.1145/3197231.3197248,2026-09-13,source_coded_with_explicit_inference_limit,true
W056,atvhunter,ATVHunter: Reliable Version Detection of Third-Party Libraries for Vulnerability Identification in Android Applications,2021,third_party_library,primary_or_system,venue_recorded,full_or_selected_source,"library region, family, version, update, or vulnerability link",L1-L3 or L6,full text or selected source passages plus bibliographic record; exact reading boundary retained in extraction ledger,https://doi.org/10.1109/ICSE43902.2021.00150,2026-09-13,source_coded_with_explicit_inference_limit,true
W057,tplready,Automated Third-Party Library Detection for Android Applications: Are We There Yet?,2020,third_party_library,primary_or_system,venue_recorded,full_or_selected_source,"library region, family, version, update, or vulnerability link",L1-L3 or L6,full text or selected source passages plus bibliographic record; exact reading boundary retained in extraction ledger,https://doi.org/10.1145/3324884.3416582,2026-09-13,source_coded_with_explicit_inference_limit,true
W058,libdx,LibDX: A Cross-Platform and Accurate System to Detect Third-Party Libraries in Binary Code,2020,third_party_library,primary_or_system,venue_recorded,publisher_abstract_or_selected_source,"library region, family, version, update, or vulnerability link",L1-L3 or L6,publisher/author abstract or selected source passage plus bibliographic record; no full-text completeness claim,https://doi.org/10.1109/SANER48275.2020.9054845,2026-09-13,source_coded_with_explicit_inference_limit,true
W059,libroad,"LibRoad: Rapid, Online, and Accurate Detection of TPLs on Android",2022,third_party_library,primary_or_system,venue_recorded,publisher_abstract_or_selected_source,"library region, family, version, update, or vulnerability link",L1-L3 or L6,publisher/author abstract or selected source passage plus bibliographic record; no full-text completeness claim,https://doi.org/10.1109/TMC.2020.3003336,2026-09-13,source_coded_with_explicit_inference_limit,true
W060,osspolice,Identifying Open-Source License Violation and 1-Day Security Risk at Large Scale,2017,third_party_library,primary_or_system,venue_recorded,full_or_selected_source,"library region, family, version, update, or vulnerability link",L1-L3 or L6,full text or selected source passages plus bibliographic record; exact reading boundary retained in extraction ledger,https://doi.org/10.1145/3133956.3134048,2026-09-13,source_coded_with_explicit_inference_limit,true
W061,keepupdated,Keep Me Updated: An Empirical Study of Third-Party Library Updatability on Android,2017,third_party_library,primary_or_system,venue_recorded,full_or_selected_source,"library region, family, version, update, or vulnerability link",L1-L3 or L6,full text or selected source passages plus bibliographic record; exact reading boundary retained in extraction ledger,https://doi.org/10.1145/3133956.3134059,2026-09-13,source_coded_with_explicit_inference_limit,true
W062,developersupdate,Do Developers Update Third-Party Libraries in Mobile Apps?,2018,third_party_library,primary_or_system,venue_recorded,publisher_abstract_or_selected_source,"library region, family, version, update, or vulnerability link",L1-L3 or L6,publisher/author abstract or selected source passage plus bibliographic record; no full-text completeness claim,https://doi.org/10.1145/3196321.3196341,2026-09-13,source_coded_with_explicit_inference_limit,true
W063,originsvuln,Understanding the Origins of Mobile App Vulnerabilities: A Large-Scale Measurement Study of Free and Paid Apps,2017,third_party_library,primary_or_system,venue_recorded,publisher_abstract_or_selected_source,"library region, family, version, update, or vulnerability link",L1-L3 or L6,publisher/author abstract or selected source passage plus bibliographic record; no full-text completeness claim,https://doi.org/10.1109/MSR.2017.23,2026-09-13,source_coded_with_explicit_inference_limit,true
W064,appcommune,AppCommune: Automated Third-Party Libraries De-Duplicating and Updating for Android Apps,2019,third_party_library,primary_or_system,venue_recorded,publisher_abstract_or_selected_source,"library region, family, version, update, or vulnerability link",L1-L3 or L6,publisher/author abstract or selected source passage plus bibliographic record; no full-text completeness claim,https://doi.org/10.1109/SANER.2019.8668009,2026-09-13,source_coded_with_explicit_inference_limit,true
W065,tplprecision,Detecting Third-Party Libraries in Android Applications with High Precision and Recall,2018,third_party_library,primary_or_system,venue_recorded,publisher_abstract_or_selected_source,"library region, family, version, update, or vulnerability link",L1-L3 or L6,publisher/author abstract or selected source passage plus bibliographic record; no full-text completeness claim,https://doi.org/10.1109/SANER.2018.8330204,2026-09-13,source_coded_with_explicit_inference_limit,true
W066,malicioustpl,An Empirical Study of Potentially Malicious Third-Party Libraries in Android Apps,2020,third_party_library,primary_or_system,venue_recorded,publisher_abstract_or_selected_source,"library region, family, version, update, or vulnerability link",L1-L3 or L6,publisher/author abstract or selected source passage plus bibliographic record; no full-text completeness claim,https://doi.org/10.1145/3395351.3399346,2026-09-13,source_coded_with_explicit_inference_limit,true
W067,tuf,Survivable Key Compromise in Software Update Systems,2010,supply_chain,primary_or_system,venue_recorded,full_or_selected_source,"repository metadata, attestation, log, build, CI, or package ecosystem",L0/L4/L5 or L6,full text or selected source passages plus bibliographic record; exact reading boundary retained in extraction ledger,https://doi.org/10.1145/1866307.1866315,2026-09-13,source_coded_with_explicit_inference_limit,true
W068,intoto,in-toto: Providing Farm-to-Table Guarantees for Bits and Bytes,2019,supply_chain,primary_or_system,venue_recorded,full_or_selected_source,"repository metadata, attestation, log, build, CI, or package ecosystem",L0/L4/L5 or L6,full text or selected source passages plus bibliographic record; exact reading boundary retained in extraction ledger,https://www.usenix.org/conference/usenixsecurity19/presentation/torres-arias,2026-09-13,source_coded_with_explicit_inference_limit,true
W069,chainiac,CHAINIAC: Proactive Software-Update Transparency via Collectively Signed Skipchains and Verified Builds,2017,supply_chain,primary_or_system,venue_recorded,full_or_selected_source,"repository metadata, attestation, log, build, CI, or package ecosystem",L0/L4/L5 or L6,full text or selected source passages plus bibliographic record; exact reading boundary retained in extraction ledger,https://www.usenix.org/conference/usenixsecurity17/technical-sessions/presentation/nikitin,2026-09-13,source_coded_with_explicit_inference_limit,true
W070,sigstore,Sigstore: Software Signing for Everybody,2022,supply_chain,primary_or_system,venue_recorded,full_or_selected_source,"repository metadata, attestation, log, build, CI, or package ecosystem",signed-artifact identity binding and authenticated publication; L5 requires release policy,full text or selected source passages plus bibliographic record; exact reading boundary retained in extraction ledger,https://doi.org/10.1145/3548606.3560596,2026-09-13,source_coded_with_explicit_inference_limit,true
W071,diplomat,Diplomat: Using Delegations to Protect Community Repositories,2016,supply_chain,primary_or_system,venue_recorded,publisher_abstract_or_selected_source,"repository metadata, attestation, log, build, CI, or package ecosystem",L0/L4/L5 or L6,publisher/author abstract or selected source passage plus bibliographic record; no full-text completeness claim,https://www.usenix.org/conference/nsdi16/technical-sessions/presentation/kuppusamy,2026-09-13,source_coded_with_explicit_inference_limit,true
W072,reprobuilds,Reproducible Builds: Increasing the Integrity of Software Supply Chains,2022,supply_chain,primary_or_system,venue_recorded,full_or_selected_source,"repository metadata, attestation, log, build, CI, or package ecosystem",L0/L4/L5 or L6,full text or selected source passages plus bibliographic record; exact reading boundary retained in extraction ledger,https://doi.org/10.1109/MS.2021.3073045,2026-09-13,source_coded_with_explicit_inference_limit,true
W073,reprocontainers,Reproducible Containers,2020,supply_chain,primary_or_system,venue_recorded,publisher_abstract_or_selected_source,controlled build/execution inputs and reproduced output bytes,L0 output identity and model-scoped functional reproducibility; no release authorization,publisher/author abstract or selected source passage plus bibliographic record; no full-text completeness claim,https://doi.org/10.1145/3373376.3378519,2026-09-13,source_coded_with_explicit_inference_limit,true
W074,githubci,Characterizing the Security of GitHub CI Workflows,2022,supply_chain,primary_or_system,venue_recorded,full_or_selected_source,"repository metadata, attestation, log, build, CI, or package ecosystem",L0/L4/L5 or L6,full text or selected source passages plus bibliographic record; exact reading boundary retained in extraction ledger,https://www.usenix.org/conference/usenixsecurity22/presentation/koishybayev,2026-09-13,source_coded_with_explicit_inference_limit,true
W075,packagemanagers,A Look in the Mirror: Attacks on Package Managers,2008,supply_chain,primary_or_system,venue_recorded,publisher_abstract_or_selected_source,"repository metadata, attestation, log, build, CI, or package ecosystem",L0/L4/L5 or L6,publisher/author abstract or selected source passage plus bibliographic record; no full-text completeness claim,https://doi.org/10.1145/1455770.1455841,2026-09-13,source_coded_with_explicit_inference_limit,true
W076,duanpackages,Towards Measuring Supply Chain Attacks on Package Managers for Interpreted Languages,2021,supply_chain,primary_or_system,venue_recorded,full_or_selected_source,"repository metadata, attestation, log, build, CI, or package ecosystem",L0/L4/L5 or L6,full text or selected source passages plus bibliographic record; exact reading boundary retained in extraction ledger,https://doi.org/10.14722/ndss.2021.23055,2026-09-13,source_coded_with_explicit_inference_limit,true
W077,backstabber,Backstabber's Knife Collection: A Review of Open Source Software Supply Chain Attacks,2020,supply_chain,primary_or_system,venue_recorded,publisher_abstract_or_selected_source,collected malicious packages and documented incident mechanisms,model-scoped incident observations; no authenticated production history or authorization,publisher/author abstract or selected source passage plus bibliographic record; no full-text completeness claim,https://doi.org/10.1007/978-3-030-52683-2_2,2026-09-13,source_coded_with_explicit_inference_limit,true
W078,npmworld,Small World with High Risks: A Study of Security Threats in the npm Ecosystem,2019,supply_chain,primary_or_system,venue_recorded,full_or_selected_source,package dependency graph; maintainer metadata; reported security issues,L1 dependency composition and scoped L6 ecosystem-risk observations; no artifact authorization,full text or selected source passages plus bibliographic record; exact reading boundary retained in extraction ledger,https://www.usenix.org/conference/usenixsecurity19/presentation/zimmermann,2026-09-13,source_coded_with_explicit_inference_limit,true
W079,weaklinks,What Are Weak Links in the npm Supply Chain?,2022,supply_chain,primary_or_system,venue_recorded,publisher_abstract_or_selected_source,package metadata; weak-link indicators; developer survey responses,L1 package metadata and scoped L6 risk indicators; no artifact authorization,publisher/author abstract or selected source passage plus bibliographic record; no full-text completeness claim,https://doi.org/10.1145/3510457.3513044,2026-09-13,source_coded_with_explicit_inference_limit,true
W080,legitimate,Le-git-imate: Towards Verifiable Web-Based Git Repositories,2018,supply_chain,primary_or_system,venue_recorded,publisher_abstract_or_selected_source,"repository metadata, attestation, log, build, CI, or package ecosystem",L0/L4/L5 or L6,publisher/author abstract or selected source passage plus bibliographic record; no full-text completeness claim,https://doi.org/10.1145/3196494.3196523,2026-09-13,source_coded_with_explicit_inference_limit,true
W081,contour,Contour: A Practical System for Binary Transparency,2018,supply_chain,primary_or_system,venue_recorded,publisher_abstract_or_selected_source,"repository metadata, attestation, log, build, CI, or package ecosystem",authenticated binary publication; no L4 build trace; L5 requires release policy,publisher/author abstract or selected source passage plus bibliographic record; no full-text completeness claim,https://link.springer.com/chapter/10.1007/978-3-030-00305-0_8,2026-09-16,source_coded_with_explicit_inference_limit; published_version_verified_2026_09_16,true
W082,text2app,Text2App: A Framework for Creating Android Apps from Text Descriptions,2021,ai_mediated,primary_or_system,preprint_record,full_or_selected_source,"generated code, interaction, dependency, prompt, or security outcome",L3-L6,full text or selected source passages plus bibliographic record; exact reading boundary retained in extraction ledger,https://arxiv.org/abs/2104.08301,2026-09-16,source_coded_with_explicit_inference_limit; active_preprint_and_workshop_program_status_verified_2026_09_16,true
W083,appforge,AppForge: From Assistant to Independent Developer---Are GPTs Ready for Software Development?,2025,ai_mediated,primary_or_system,preprint_record,full_or_selected_source,"generated code, interaction, dependency, prompt, or security outcome",AI-mediated multi-step artifact creation context,full text or selected source passages plus bibliographic record; exact reading boundary retained in extraction ledger,https://arxiv.org/abs/2510.07740,2026-09-13,source_coded_with_explicit_inference_limit,true
W084,pearce,Asleep at the Keyboard? Assessing the Security of GitHub Copilot's Code Contributions,2022,ai_mediated,primary_or_system,venue_recorded,full_or_selected_source,"generated code, interaction, dependency, prompt, or security outcome",L3-L6,full text or selected source passages plus bibliographic record; exact reading boundary retained in extraction ledger,https://doi.org/10.1109/SP46214.2022.9833571,2026-09-13,source_coded_with_explicit_inference_limit,true
W085,perry,Do Users Write More Insecure Code with AI Assistants?,2023,ai_mediated,primary_or_system,venue_recorded,full_or_selected_source,"generated code, interaction, dependency, prompt, or security outcome",L3-L6,full text or selected source passages plus bibliographic record; exact reading boundary retained in extraction ledger,https://doi.org/10.1145/3576915.3623157,2026-09-13,source_coded_with_explicit_inference_limit,true
W086,sandoval,Lost at C: A User Study on the Security Implications of Large Language Model Code Assistants,2023,ai_mediated,primary_or_system,venue_recorded,full_or_selected_source,"generated code, interaction, dependency, prompt, or security outcome",L3-L6,full text or selected source passages plus bibliographic record; exact reading boundary retained in extraction ledger,https://www.usenix.org/conference/usenixsecurity23/presentation/sandoval,2026-09-13,source_coded_with_explicit_inference_limit,true
W087,spracklen,We Have a Package for You! A Comprehensive Analysis of Package Hallucinations by Code Generating LLMs,2025,ai_mediated,primary_or_system,venue_recorded,full_or_selected_source,"generated code, interaction, dependency, prompt, or security outcome",L3-L6,full text or selected source passages plus bibliographic record; exact reading boundary retained in extraction ledger,https://www.usenix.org/conference/usenixsecurity25/presentation/spracklen,2026-09-13,source_coded_with_explicit_inference_limit,true
W088,khoury,How Secure Is Code Generated by ChatGPT?,2023,ai_mediated,primary_or_system,venue_recorded,publisher_abstract_or_selected_source,"generated code, interaction, dependency, prompt, or security outcome",L3-L6,publisher/author abstract or selected source passage plus bibliographic record; no full-text completeness claim,https://ieeexplore.ieee.org/document/10394237,2026-09-16,source_coded_with_explicit_inference_limit; published_version_verified_2026_09_16,true
W089,codexleaks,CodexLeaks: Privacy Leaks from Code Generation Language Models in GitHub Copilot,2023,ai_mediated,primary_or_system,venue_recorded,full_or_selected_source,"generated code, interaction, dependency, prompt, or security outcome",L3-L6,full text or selected source passages plus bibliographic record; exact reading boundary retained in extraction ledger,https://www.usenix.org/conference/usenixsecurity23/presentation/niu,2026-09-13,source_coded_with_explicit_inference_limit,true
W090,wurepack2026,Android App Repackaging Detection: A Comprehensive Survey,2026,review_and_method,secondary_or_method,venue_recorded,publisher_abstract_or_selected_source,"review taxonomy, protocol, or cross-cutting framework",cross-cutting,"publisher/arXiv abstract, selected passages where accessible, and bibliographic record; no exhaustive full-text claim",https://doi.org/10.1016/j.csa.2026.100124,2026-09-13,source_coded_with_explicit_inference_limit,true
W091,zengtpsurvey2024,A Survey of Third-Party Library Security Research in Application Software,2024,review_and_method,secondary_or_method,preprint_record,full_or_selected_source,"review taxonomy, protocol, or cross-cutting framework",cross-cutting,"publisher/arXiv abstract, selected passages where accessible, and bibliographic record; no exhaustive full-text claim",https://arxiv.org/abs/2404.17955,2026-09-13,source_coded_with_explicit_inference_limit,true
W092,reichert2024,Software Supply Chain Security: A Systematic Literature Review,2024,review_and_method,secondary_or_method,venue_recorded,publisher_abstract_or_selected_source,"review taxonomy, protocol, or cross-cutting framework",cross-cutting,"publisher/arXiv abstract, selected passages where accessible, and bibliographic record; no exhaustive full-text claim",https://doi.org/10.1080/1206212X.2024.2390978,2026-09-13,source_coded_with_explicit_inference_limit,true
W093,williams2025,Research Directions in Software Supply Chain Security,2025,review_and_method,secondary_or_method,venue_recorded,full_or_selected_source,"review taxonomy, protocol, or cross-cutting framework",cross-cutting,selected full-text sections plus bibliographic record; exact reading boundary retained in source_locations.csv,https://dwermke.com/pdf/journal-tosem-williams25.pdf,2026-09-13,source_coded_with_explicit_inference_limit,true
W094,cyberrisk2026,Cyber Supply Chain Risk Management: From Threats to Treatment,2026,review_and_method,secondary_or_method,venue_recorded,full_or_selected_source,"review taxonomy, protocol, or cross-cutting framework",cross-cutting,publisher full text and version-of-record metadata; selected sections coded with explicit boundary,https://link.springer.com/article/10.1007/s10207-025-01207-9,2026-09-16,source_coded_with_explicit_inference_limit; version_of_record_verified_2026_09_16,true
W095,gokkaya2026,"Software Supply Chain: A Taxonomy of Attacks, Mitigations and Risk Assessment Strategies",2026,review_and_method,secondary_or_method,venue_recorded,full_or_selected_source,"review taxonomy, protocol, or cross-cutting framework",cross-cutting,selected full-text sections plus bibliographic record; exact reading boundary retained in source_locations.csv,https://arxiv.org/abs/2305.14157,2026-09-13,source_coded_with_explicit_inference_limit,true
W096,bi2024sbom,On the Way to SBOMs: Investigating Design Issues and Solutions in Practice,2024,supply_chain,primary_or_system,venue_recorded,full_or_selected_source,repository discussions and empirical SBOM design/practice evidence,empirical SBOM design/practice evidence only,publisher record and author manuscript; empirical design/issues analysis with explicit inference limit,https://dl.acm.org/doi/10.1145/3654442,2026-09-16,source_coded_with_explicit_inference_limit; version_of_record_verified_2026_09_16,true
W097,bomsaway2024,BOMs Away! Inside the Minds of Stakeholders: A Comprehensive Study of Bills of Materials for Software Systems,2024,supply_chain,primary_or_system,venue_recorded,full_or_selected_source,stakeholder survey and interview evidence about SBOM creation and use,stakeholder evidence about SBOM creation and use only,peer-reviewed ICSE paper and official publication metadata; selected full-text sections coded,https://ieeexplore.ieee.org/document/10548562,2026-09-16,source_coded_with_explicit_inference_limit; version_of_record_verified_2026_09_16,true
