record_id,bib_key,title,discovery_route,seed_or_slice,selection_basis,source_basis,date,denominator_scope,reconstruction_status
W001,repack,Rebooting Research on Detecting Repackaged Android Apps: Literature Review and Benchmark,closest-review and review-method search plus backward and forward snowballing,W001;W002;W012;W013;W090-W095,Falls within one retained evidence stratum and has a claim-level extraction with an explicit inference limit.,full text or selected source passages plus bibliographic record; exact reading boundary retained in extraction ledger,2026-09-15,retained-record trace only; not a complete database-search hit denominator,"retrospective provenance reconstructed from retained ledgers, anchor bibliographies, targeted searches, and exact-title verification; not an original result export"
W002,tpl,Research on Third-Party Libraries in Android Apps: A Taxonomy and Systematic Literature Review,closest-review and review-method search plus backward and forward snowballing,W001;W002;W012;W013;W090-W095,Falls within one retained evidence stratum and has a claim-level extraction with an explicit inference limit.,full text or selected source passages plus bibliographic record; exact reading boundary retained in extraction ledger,2026-09-15,retained-record trace only; not a complete database-search hit denominator,"retrospective provenance reconstructed from retained ledgers, anchor bibliographies, targeted searches, and exact-title verification; not an original result export"
W003,staticandroid,Static Analysis of Android Apps: A Systematic Literature Review,closest-review and review-method search plus backward and forward snowballing,W001;W002;W012;W013;W090-W095,Falls within one retained evidence stratum and has a claim-level extraction with an explicit inference limit.,full text or selected source passages plus bibliographic record; exact reading boundary retained in extraction ledger,2026-09-15,retained-record trace only; not a complete database-search hit denominator,"retrospective provenance reconstructed from retained ledgers, anchor bibliographies, targeted searches, and exact-title verification; not an original result export"
W004,androidtesting,Automated Testing of Android Apps: A Systematic Literature Review,closest-review and review-method search plus backward and forward snowballing,W001;W002;W012;W013;W090-W095,Falls within one retained evidence stratum and has a claim-level extraction with an explicit inference limit.,full text or selected source passages plus bibliographic record; exact reading boundary retained in extraction ledger,2026-09-15,retained-record trace only; not a complete database-search hit denominator,"retrospective provenance reconstructed from retained ledgers, anchor bibliographies, targeted searches, and exact-title verification; not an original result export"
W005,sufatrio,"Securing Android: A Survey, Taxonomy, and Challenges",closest-review and review-method search plus backward and forward snowballing,W001;W002;W012;W013;W090-W095,Falls within one retained evidence stratum and has a claim-level extraction with an explicit inference limit.,full text or selected source passages plus bibliographic record; exact reading boundary retained in extraction ledger,2026-09-15,retained-record trace only; not a complete database-search hit denominator,"retrospective provenance reconstructed from retained ledgers, anchor bibliographies, targeted searches, and exact-title verification; not an original result export"
W006,xuandroid,Toward Engineering a Secure Android Ecosystem: A Survey of Existing Techniques,closest-review and review-method search plus backward and forward snowballing,W001;W002;W012;W013;W090-W095,Falls within one retained evidence stratum and has a claim-level extraction with an explicit inference limit.,full text or selected source passages plus bibliographic record; exact reading boundary retained in extraction ledger,2026-09-15,retained-record trace only; not a complete database-search hit denominator,"retrospective provenance reconstructed from retained ledgers, anchor bibliographies, targeted searches, and exact-title verification; not an original result export"
W007,tamandroid,The Evolution of Android Malware and Android Analysis Techniques,closest-review and review-method search plus backward and forward snowballing,W001;W002;W012;W013;W090-W095,Falls within one retained evidence stratum and has a claim-level extraction with an explicit inference limit.,full text or selected source passages plus bibliographic record; exact reading boundary retained in extraction ledger,2026-09-15,retained-record trace only; not a complete database-search hit denominator,"retrospective provenance reconstructed from retained ledgers, anchor bibliographies, targeted searches, and exact-title verification; not an original result export"
W008,brereton,Lessons from Applying the Systematic Literature Review Process within the Software Engineering Domain,closest-review and review-method search plus backward and forward snowballing,W001;W002;W012;W013;W090-W095,Falls within one retained evidence stratum and has a claim-level extraction with an explicit inference limit.,full text or selected source passages plus bibliographic record; exact reading boundary retained in extraction ledger,2026-09-15,retained-record trace only; not a complete database-search hit denominator,"retrospective provenance reconstructed from retained ledgers, anchor bibliographies, targeted searches, and exact-title verification; not an original result export"
W009,wohlin,Guidelines for Snowballing in Systematic Literature Studies and a Replication in Software Engineering,closest-review and review-method search plus backward and forward snowballing,W001;W002;W012;W013;W090-W095,Falls within one retained evidence stratum and has a claim-level extraction with an explicit inference limit.,full text or selected source passages plus bibliographic record; exact reading boundary retained in extraction ledger,2026-09-15,retained-record trace only; not a complete database-search hit denominator,"retrospective provenance reconstructed from retained ledgers, anchor bibliographies, targeted searches, and exact-title verification; not an original result export"
W010,kitchenham,Procedures for Performing Systematic Reviews,closest-review and review-method search plus backward and forward snowballing,W001;W002;W012;W013;W090-W095,Falls within one retained evidence stratum and has a claim-level extraction with an explicit inference limit.,full text or selected source passages plus bibliographic record; exact reading boundary retained in extraction ledger,2026-09-15,retained-record trace only; not a complete database-search hit denominator,"retrospective provenance reconstructed from retained ledgers, anchor bibliographies, targeted searches, and exact-title verification; not an original result export"
W011,blackburn,Wake Up and Smell the Coffee: Evaluation Methodology for the 21st Century,closest-review and review-method search plus backward and forward snowballing,W001;W002;W012;W013;W090-W095,Falls within one retained evidence stratum and has a claim-level extraction with an explicit inference limit.,full text or selected source passages plus bibliographic record; exact reading boundary retained in extraction ledger,2026-09-15,retained-record trace only; not a complete database-search hit denominator,"retrospective provenance reconstructed from retained ledgers, anchor bibliographies, targeted searches, and exact-title verification; not an original result export"
W012,astra,SoK: A Defense-Oriented Evaluation of Software Supply Chain Security,closest-review and review-method search plus backward and forward snowballing,W001;W002;W012;W013;W090-W095,Falls within one retained evidence stratum and has a claim-level extraction with an explicit inference limit.,full text or selected source passages plus bibliographic record; exact reading boundary retained in extraction ledger,2026-09-16,retained-record trace only; not a complete database-search hit denominator,"retrospective provenance reconstructed from retained ledgers, anchor bibliographies, targeted searches, and exact-title verification; not an original result export"
W013,properties,SoK: Analysis of Software Supply Chain Security by Establishing Secure Design Properties,closest-review and review-method search plus backward and forward snowballing,W001;W002;W012;W013;W090-W095,Falls within one retained evidence stratum and has a claim-level extraction with an explicit inference limit.,full text or selected source passages plus bibliographic record; exact reading boundary retained in extraction ledger,2026-09-15,retained-record trace only; not a complete database-search hit denominator,"retrospective provenance reconstructed from retained ledgers, anchor bibliographies, targeted searches, and exact-title verification; not an original result export"
W014,ladisa,SoK: Taxonomy of Attacks on Open-Source Software Supply Chains,closest-review and review-method search plus backward and forward snowballing,W001;W002;W012;W013;W090-W095,Falls within one retained evidence stratum and has a claim-level extraction with an explicit inference limit.,full text or selected source passages plus bibliographic record; exact reading boundary retained in extraction ledger,2026-09-15,retained-record trace only; not a complete database-search hit denominator,"retrospective provenance reconstructed from retained ledgers, anchor bibliographies, targeted searches, and exact-title verification; not an original result export"
W015,ohmstuke,SoK: Practical Detection of Software Supply Chain Attacks,closest-review and review-method search plus backward and forward snowballing,W001;W002;W012;W013;W090-W095,Falls within one retained evidence stratum and has a claim-level extraction with an explicit inference limit.,full text or selected source passages plus bibliographic record; exact reading boundary retained in extraction ledger,2026-09-15,retained-record trace only; not a complete database-search hit denominator,"retrospective provenance reconstructed from retained ledgers, anchor bibliographies, targeted searches, and exact-title verification; not an original result export"
W016,droidmoss,Detecting Repackaged Smartphone Applications in Third-Party Android Marketplaces,backward and forward snowballing from Android repackaging reviews plus exact-title source verification,W001;W090,Falls within one retained evidence stratum and has a claim-level extraction with an explicit inference limit.,full text or selected source passages plus bibliographic record; exact reading boundary retained in extraction ledger,2026-09-15,retained-record trace only; not a complete database-search hit denominator,"retrospective provenance reconstructed from retained ledgers, anchor bibliographies, targeted searches, and exact-title verification; not an original result export"
W017,attackclones,Attack of the Clones: Detecting Cloned Applications on Android Markets,backward and forward snowballing from Android repackaging reviews plus exact-title source verification,W001;W090,Falls within one retained evidence stratum and has a claim-level extraction with an explicit inference limit.,full text or selected source passages plus bibliographic record; exact reading boundary retained in extraction ledger,2026-09-15,retained-record trace only; not a complete database-search hit denominator,"retrospective provenance reconstructed from retained ledgers, anchor bibliographies, targeted searches, and exact-title verification; not an original result export"
W018,adrob,AdRob: Examining the Landscape and Impact of Android Application Plagiarism,backward and forward snowballing from Android repackaging reviews plus exact-title source verification,W001;W090,Falls within one retained evidence stratum and has a claim-level extraction with an explicit inference limit.,publisher/author abstract or selected source passage plus bibliographic record; no full-text completeness claim,2026-09-15,retained-record trace only; not a complete database-search hit denominator,"retrospective provenance reconstructed from retained ledgers, anchor bibliographies, targeted searches, and exact-title verification; not an original result export"
W019,appink,AppInk: Watermarking Android Apps for Repackaging Deterrence,backward and forward snowballing from Android repackaging reviews plus exact-title source verification,W001;W090,Falls within one retained evidence stratum and has a claim-level extraction with an explicit inference limit.,publisher/author abstract or selected source passage plus bibliographic record; no full-text completeness claim,2026-09-15,retained-record trace only; not a complete database-search hit denominator,"retrospective provenance reconstructed from retained ledgers, anchor bibliographies, targeted searches, and exact-title verification; not an original result export"
W020,droidmarking,DroidMarking: Resilient Software Watermarking for Impeding Android Application Repackaging,backward and forward snowballing from Android repackaging reviews plus exact-title source verification,W001;W090,Falls within one retained evidence stratum and has a claim-level extraction with an explicit inference limit.,publisher/author abstract or selected source passage plus bibliographic record; no full-text completeness claim,2026-09-15,retained-record trace only; not a complete database-search hit denominator,"retrospective provenance reconstructed from retained ledgers, anchor bibliographies, targeted searches, and exact-title verification; not an original result export"
W021,codematch,CodeMatch: Obfuscation Won't Conceal Your Repackaged App,backward and forward snowballing from Android repackaging reviews plus exact-title source verification,W001;W090,Falls within one retained evidence stratum and has a claim-level extraction with an explicit inference limit.,full text or selected source passages plus bibliographic record; exact reading boundary retained in extraction ledger,2026-09-15,retained-record trace only; not a complete database-search hit denominator,"retrospective provenance reconstructed from retained ledgers, anchor bibliographies, targeted searches, and exact-title verification; not an original result export"
W022,heterogeneity,Detection of Repackaged Android Malware with Code-Heterogeneity Features,backward and forward snowballing from Android repackaging reviews plus exact-title source verification,W001;W090,Falls within one retained evidence stratum and has a claim-level extraction with an explicit inference limit.,publisher/author abstract or selected source passage plus bibliographic record; no full-text completeness claim,2026-09-15,retained-record trace only; not a complete database-search hit denominator,"retrospective provenance reconstructed from retained ledgers, anchor bibliographies, targeted searches, and exact-title verification; not an original result export"
W023,dapasa,DAPASA: Detecting Android Piggybacked Apps through Sensitive Subgraph Analysis,backward and forward snowballing from Android repackaging reviews plus exact-title source verification,W001;W090,Falls within one retained evidence stratum and has a claim-level extraction with an explicit inference limit.,full text or selected source passages plus bibliographic record; exact reading boundary retained in extraction ledger,2026-09-15,retained-record trace only; not a complete database-search hit denominator,"retrospective provenance reconstructed from retained ledgers, anchor bibliographies, targeted searches, and exact-title verification; not an original result export"
W024,appraiser,Appraiser: A Large Scale Analysis of Android Clone Apps,backward and forward snowballing from Android repackaging reviews plus exact-title source verification,W001;W090,Falls within one retained evidence stratum and has a claim-level extraction with an explicit inference limit.,publisher/author abstract or selected source passage plus bibliographic record; no full-text completeness claim,2026-09-15,retained-record trace only; not a complete database-search hit denominator,"retrospective provenance reconstructed from retained ledgers, anchor bibliographies, targeted searches, and exact-title verification; not an original result export"
W025,repdroid,RepDroid: An Automated Tool for Android Application Repackaging Detection,backward and forward snowballing from Android repackaging reviews plus exact-title source verification,W001;W090,Falls within one retained evidence stratum and has a claim-level extraction with an explicit inference limit.,publisher/author abstract or selected source passage plus bibliographic record; no full-text completeness claim,2026-09-15,retained-record trace only; not a complete database-search hit denominator,"retrospective provenance reconstructed from retained ledgers, anchor bibliographies, targeted searches, and exact-title verification; not an original result export"
W026,simidroid,SimiDroid: Identifying and Explaining Similarities in Android Apps,backward and forward snowballing from Android repackaging reviews plus exact-title source verification,W001;W090,Falls within one retained evidence stratum and has a claim-level extraction with an explicit inference limit.,full text or selected source passages plus bibliographic record; exact reading boundary retained in extraction ledger,2026-09-15,retained-record trace only; not a complete database-search hit denominator,"retrospective provenance reconstructed from retained ledgers, anchor bibliographies, targeted searches, and exact-title verification; not an original result export"
W027,similarapps,On Automatically Detecting Similar Android Apps,backward and forward snowballing from Android repackaging reviews plus exact-title source verification,W001;W090,Falls within one retained evidence stratum and has a claim-level extraction with an explicit inference limit.,publisher/author abstract or selected source passage plus bibliographic record; no full-text completeness claim,2026-09-15,retained-record trace only; not a complete database-search hit denominator,"retrospective provenance reconstructed from retained ledgers, anchor bibliographies, targeted searches, and exact-title verification; not an original result export"
W028,resourceeval,Evaluation of Resource-Based App Repackaging Detection in Android,backward and forward snowballing from Android repackaging reviews plus exact-title source verification,W001;W090,Falls within one retained evidence stratum and has a claim-level extraction with an explicit inference limit.,full text or selected source passages plus bibliographic record; exact reading boundary retained in extraction ledger,2026-09-15,retained-record trace only; not a complete database-search hit denominator,"retrospective provenance reconstructed from retained ledgers, anchor bibliographies, targeted searches, and exact-title verification; not an original result export"
W029,semanticsrepack,Semantics-Based Repackaging Detection for Mobile Apps,backward and forward snowballing from Android repackaging reviews plus exact-title source verification,W001;W090,Falls within one retained evidence stratum and has a claim-level extraction with an explicit inference limit.,publisher/author abstract or selected source passage plus bibliographic record; no full-text completeness claim,2026-09-15,retained-record trace only; not a complete database-search hit denominator,"retrospective provenance reconstructed from retained ledgers, anchor bibliographies, targeted searches, and exact-title verification; not an original result export"
W030,androsimilar,AndroSimilar: Robust Signature for Detecting Variants of Android Malware,backward and forward snowballing from Android repackaging reviews plus exact-title source verification,W001;W090,Falls within one retained evidence stratum and has a claim-level extraction with an explicit inference limit.,publisher/author abstract or selected source passage plus bibliographic record; no full-text completeness claim,2026-09-15,retained-record trace only; not a complete database-search hit denominator,"retrospective provenance reconstructed from retained ledgers, anchor bibliographies, targeted searches, and exact-title verification; not an original result export"
W031,droideagle,DroidEagle: Seamless Detection of Visually Similar Android Apps,backward and forward snowballing from Android repackaging reviews plus exact-title source verification,W001;W090,Falls within one retained evidence stratum and has a claim-level extraction with an explicit inference limit.,publisher/author abstract or selected source passage plus bibliographic record; no full-text completeness claim,2026-09-15,retained-record trace only; not a complete database-search hit denominator,"retrospective provenance reconstructed from retained ledgers, anchor bibliographies, targeted searches, and exact-title verification; not an original result export"
W032,massvet,Finding Unknown Malice in 10 Seconds: Mass Vetting for New Threats at the Google-Play Scale,backward and forward snowballing from Android repackaging reviews plus exact-title source verification,W001;W090,Falls within one retained evidence stratum and has a claim-level extraction with an explicit inference limit.,full text or selected source passages plus bibliographic record; exact reading boundary retained in extraction ledger,2026-09-15,retained-record trace only; not a complete database-search hit denominator,"retrospective provenance reconstructed from retained ledgers, anchor bibliographies, targeted searches, and exact-title verification; not an original result export"
W033,wukong,WuKong: A Scalable and Accurate Two-Phase Approach to Android App Clone Detection,backward and forward snowballing from Android repackaging reviews plus exact-title source verification,W001;W090,Falls within one retained evidence stratum and has a claim-level extraction with an explicit inference limit.,publisher/author abstract or selected source passage plus bibliographic record; no full-text completeness claim,2026-09-15,retained-record trace only; not a complete database-search hit denominator,"retrospective provenance reconstructed from retained ledgers, anchor bibliographies, targeted searches, and exact-title verification; not an original result export"
W034,andarwin,Andarwin: Scalable Detection of Android Application Clones Based on Semantics,backward and forward snowballing from Android repackaging reviews plus exact-title source verification,W001;W090,Falls within one retained evidence stratum and has a claim-level extraction with an explicit inference limit.,full text or selected source passages plus bibliographic record; exact reading boundary retained in extraction ledger,2026-09-15,retained-record trace only; not a complete database-search hit denominator,"retrospective provenance reconstructed from retained ledgers, anchor bibliographies, targeted searches, and exact-title verification; not an original result export"
W035,accuracyclone,Achieving Accuracy and Scalability Simultaneously in Detecting Application Clones on Android Markets,backward and forward snowballing from Android repackaging reviews plus exact-title source verification,W001;W090,Falls within one retained evidence stratum and has a claim-level extraction with an explicit inference limit.,publisher/author abstract or selected source passage plus bibliographic record; no full-text completeness claim,2026-09-15,retained-record trace only; not a complete database-search hit denominator,"retrospective provenance reconstructed from retained ledgers, anchor bibliographies, targeted searches, and exact-title verification; not an original result export"
W036,fsquadra,FSquaDRA: Fast Detection of Repackaged Applications,backward and forward snowballing from Android repackaging reviews plus exact-title source verification,W001;W090,Falls within one retained evidence stratum and has a claim-level extraction with an explicit inference limit.,full text or selected source passages plus bibliographic record; exact reading boundary retained in extraction ledger,2026-09-15,retained-record trace only; not a complete database-search hit denominator,"retrospective provenance reconstructed from retained ledgers, anchor bibliographies, targeted searches, and exact-title verification; not an original result export"
W037,resourcedriven,Towards a Scalable Resource-Driven Approach for Detecting Repackaged Android Applications,backward and forward snowballing from Android repackaging reviews plus exact-title source verification,W001;W090,Falls within one retained evidence stratum and has a claim-level extraction with an explicit inference limit.,publisher/author abstract or selected source passage plus bibliographic record; no full-text completeness claim,2026-09-15,retained-record trace only; not a complete database-search hit denominator,"retrospective provenance reconstructed from retained ledgers, anchor bibliographies, targeted searches, and exact-title verification; not an original result export"
W038,viewdroid,ViewDroid: Towards Obfuscation-Resilient Mobile Application Repackaging Detection,backward and forward snowballing from Android repackaging reviews plus exact-title source verification,W001;W090,Falls within one retained evidence stratum and has a claim-level extraction with an explicit inference limit.,full text or selected source passages plus bibliographic record; exact reading boundary retained in extraction ledger,2026-09-15,retained-record trace only; not a complete database-search hit denominator,"retrospective provenance reconstructed from retained ledgers, anchor bibliographies, targeted searches, and exact-title verification; not an original result export"
W039,droidkin,DroidKin: Lightweight Detection of Android Apps Similarity,backward and forward snowballing from Android repackaging reviews plus exact-title source verification,W001;W090,Falls within one retained evidence stratum and has a claim-level extraction with an explicit inference limit.,publisher/author abstract or selected source passage plus bibliographic record; no full-text completeness claim,2026-09-15,retained-record trace only; not a complete database-search hit denominator,"retrospective provenance reconstructed from retained ledgers, anchor bibliographies, targeted searches, and exact-title verification; not an original result export"
W040,juxtapp,Juxtapp: A Scalable System for Detecting Code Reuse among Android Applications,backward and forward snowballing from Android repackaging reviews plus exact-title source verification,W001;W090,Falls within one retained evidence stratum and has a claim-level extraction with an explicit inference limit.,publisher/author abstract or selected source passage plus bibliographic record; no full-text completeness claim,2026-09-15,retained-record trace only; not a complete database-search hit denominator,"retrospective provenance reconstructed from retained ledgers, anchor bibliographies, targeted searches, and exact-title verification; not an original result export"
W041,plagiarizing,Plagiarizing Smartphone Applications: Attack Strategies and Defense Techniques,backward and forward snowballing from Android repackaging reviews plus exact-title source verification,W001;W090,Falls within one retained evidence stratum and has a claim-level extraction with an explicit inference limit.,publisher/author abstract or selected source passage plus bibliographic record; no full-text completeness claim,2026-09-15,retained-record trace only; not a complete database-search hit denominator,"retrospective provenance reconstructed from retained ledgers, anchor bibliographies, targeted searches, and exact-title verification; not an original result export"
W042,reuseandroid,Understanding Reuse in the Android Market,backward and forward snowballing from Android repackaging reviews plus exact-title source verification,W001;W090,Falls within one retained evidence stratum and has a claim-level extraction with an explicit inference limit.,publisher/author abstract or selected source passage plus bibliographic record; no full-text completeness claim,2026-09-15,retained-record trace only; not a complete database-search hit denominator,"retrospective provenance reconstructed from retained ledgers, anchor bibliographies, targeted searches, and exact-title verification; not an original result export"
W043,piggybacking,Understanding Android App Piggybacking: A Systematic Study of Malicious Code Grafting,backward and forward snowballing from Android repackaging reviews plus exact-title source verification,W001;W090,Falls within one retained evidence stratum and has a claim-level extraction with an explicit inference limit.,full text or selected source passages plus bibliographic record; exact reading boundary retained in extraction ledger,2026-09-15,retained-record trace only; not a complete database-search hit denominator,"retrospective provenance reconstructed from retained ledgers, anchor bibliographies, targeted searches, and exact-title verification; not an original result export"
W044,repackeval,A Framework for Evaluating Mobile App Repackaging Detection Algorithms,backward and forward snowballing from Android repackaging reviews plus exact-title source verification,W001;W090,Falls within one retained evidence stratum and has a claim-level extraction with an explicit inference limit.,full text or selected source passages plus bibliographic record; exact reading boundary retained in extraction ledger,2026-09-15,retained-record trace only; not a complete database-search hit denominator,"retrospective provenance reconstructed from retained ledgers, anchor bibliographies, targeted searches, and exact-title verification; not an original result export"
W045,androzoo,AndroZoo: Collecting Millions of Android Apps for the Research Community,backward and forward snowballing from Android repackaging reviews plus exact-title source verification,W001;W090,Falls within one retained evidence stratum and has a claim-level extraction with an explicit inference limit.,full text or selected source passages plus bibliographic record; exact reading boundary retained in extraction ledger,2026-09-15,retained-record trace only; not a complete database-search hit denominator,"retrospective provenance reconstructed from retained ledgers, anchor bibliographies, targeted searches, and exact-title verification; not an original result export"
W046,droidchameleon,DroidChameleon: Evaluating Android Anti-Malware against Transformation Attacks,backward and forward snowballing from Android repackaging reviews plus exact-title source verification,W001;W090,Falls within one retained evidence stratum and has a claim-level extraction with an explicit inference limit.,full text or selected source passages plus bibliographic record; exact reading boundary retained in extraction ledger,2026-09-15,retained-record trace only; not a complete database-search hit denominator,"retrospective provenance reconstructed from retained ledgers, anchor bibliographies, targeted searches, and exact-title verification; not an original result export"
W047,drebin,DREBIN: Effective and Explainable Detection of Android Malware in Your Pocket,backward and forward snowballing from Android repackaging reviews plus exact-title source verification,W001;W090,Falls within one retained evidence stratum and has a claim-level extraction with an explicit inference limit.,publisher/author abstract or selected source passage plus bibliographic record; no full-text completeness claim,2026-09-15,retained-record trace only; not a complete database-search hit denominator,"retrospective provenance reconstructed from retained ledgers, anchor bibliographies, targeted searches, and exact-title verification; not an original result export"
W048,mamadroid,MaMaDroid: Detecting Android Malware by Building Markov Chains of Behavioral Models,backward and forward snowballing from Android repackaging reviews plus exact-title source verification,W001;W090,Falls within one retained evidence stratum and has a claim-level extraction with an explicit inference limit.,selected full-text sections plus bibliographic record; exact reading boundary retained in source_locations.csv,2026-09-15,retained-record trace only; not a complete database-search hit denominator,"retrospective provenance reconstructed from retained ledgers, anchor bibliographies, targeted searches, and exact-title verification; not an original result export"
W049,flowdroid,"FlowDroid: Precise Context, Flow, Field, Object-Sensitive and Lifecycle-Aware Taint Analysis for Android Apps",backward and forward snowballing from Android repackaging reviews plus exact-title source verification,W001;W090,Falls within one retained evidence stratum and has a claim-level extraction with an explicit inference limit.,full text or selected source passages plus bibliographic record; exact reading boundary retained in extraction ledger,2026-09-15,retained-record trace only; not a complete database-search hit denominator,"retrospective provenance reconstructed from retained ledgers, anchor bibliographies, targeted searches, and exact-title verification; not an original result export"
W050,commonlibraries,An Investigation into the Use of Common Libraries in Android Apps,backward and forward snowballing from the Android TPL review plus exact-title source verification,W002;W091,Falls within one retained evidence stratum and has a claim-level extraction with an explicit inference limit.,publisher/author abstract or selected source passage plus bibliographic record; no full-text completeness claim,2026-09-15,retained-record trace only; not a complete database-search hit denominator,"retrospective provenance reconstructed from retained ledgers, anchor bibliographies, targeted searches, and exact-title verification; not an original result export"
W051,libd,LibD: Scalable and Precise Third-Party Library Detection in Android Markets,backward and forward snowballing from the Android TPL review plus exact-title source verification,W002;W091,Falls within one retained evidence stratum and has a claim-level extraction with an explicit inference limit.,full text or selected source passages plus bibliographic record; exact reading boundary retained in extraction ledger,2026-09-15,retained-record trace only; not a complete database-search hit denominator,"retrospective provenance reconstructed from retained ledgers, anchor bibliographies, targeted searches, and exact-title verification; not an original result export"
W052,libradar,LibRadar: Fast and Accurate Detection of Third-Party Libraries in Android Apps,backward and forward snowballing from the Android TPL review plus exact-title source verification,W002;W091,Falls within one retained evidence stratum and has a claim-level extraction with an explicit inference limit.,full text or selected source passages plus bibliographic record; exact reading boundary retained in extraction ledger,2026-09-15,retained-record trace only; not a complete database-search hit denominator,"retrospective provenance reconstructed from retained ledgers, anchor bibliographies, targeted searches, and exact-title verification; not an original result export"
W053,libscout,Reliable Third-Party Library Detection in Android and Its Security Applications,backward and forward snowballing from the Android TPL review plus exact-title source verification,W002;W091,Falls within one retained evidence stratum and has a claim-level extraction with an explicit inference limit.,full text or selected source passages plus bibliographic record; exact reading boundary retained in extraction ledger,2026-09-15,retained-record trace only; not a complete database-search hit denominator,"retrospective provenance reconstructed from retained ledgers, anchor bibliographies, targeted searches, and exact-title verification; not an original result export"
W054,libid,LibID: Reliable Identification of Obfuscated Third-Party Android Libraries,backward and forward snowballing from the Android TPL review plus exact-title source verification,W002;W091,Falls within one retained evidence stratum and has a claim-level extraction with an explicit inference limit.,full text or selected source passages plus bibliographic record; exact reading boundary retained in extraction ledger,2026-09-15,retained-record trace only; not a complete database-search hit denominator,"retrospective provenance reconstructed from retained ledgers, anchor bibliographies, targeted searches, and exact-title verification; not an original result export"
W055,orlis,ORLIS: Obfuscation-Resilient Library Detection for Android,backward and forward snowballing from the Android TPL review plus exact-title source verification,W002;W091,Falls within one retained evidence stratum and has a claim-level extraction with an explicit inference limit.,full text or selected source passages plus bibliographic record; exact reading boundary retained in extraction ledger,2026-09-15,retained-record trace only; not a complete database-search hit denominator,"retrospective provenance reconstructed from retained ledgers, anchor bibliographies, targeted searches, and exact-title verification; not an original result export"
W056,atvhunter,ATVHunter: Reliable Version Detection of Third-Party Libraries for Vulnerability Identification in Android Applications,backward and forward snowballing from the Android TPL review plus exact-title source verification,W002;W091,Falls within one retained evidence stratum and has a claim-level extraction with an explicit inference limit.,full text or selected source passages plus bibliographic record; exact reading boundary retained in extraction ledger,2026-09-15,retained-record trace only; not a complete database-search hit denominator,"retrospective provenance reconstructed from retained ledgers, anchor bibliographies, targeted searches, and exact-title verification; not an original result export"
W057,tplready,Automated Third-Party Library Detection for Android Applications: Are We There Yet?,backward and forward snowballing from the Android TPL review plus exact-title source verification,W002;W091,Falls within one retained evidence stratum and has a claim-level extraction with an explicit inference limit.,full text or selected source passages plus bibliographic record; exact reading boundary retained in extraction ledger,2026-09-15,retained-record trace only; not a complete database-search hit denominator,"retrospective provenance reconstructed from retained ledgers, anchor bibliographies, targeted searches, and exact-title verification; not an original result export"
W058,libdx,LibDX: A Cross-Platform and Accurate System to Detect Third-Party Libraries in Binary Code,backward and forward snowballing from the Android TPL review plus exact-title source verification,W002;W091,Falls within one retained evidence stratum and has a claim-level extraction with an explicit inference limit.,publisher/author abstract or selected source passage plus bibliographic record; no full-text completeness claim,2026-09-15,retained-record trace only; not a complete database-search hit denominator,"retrospective provenance reconstructed from retained ledgers, anchor bibliographies, targeted searches, and exact-title verification; not an original result export"
W059,libroad,"LibRoad: Rapid, Online, and Accurate Detection of TPLs on Android",backward and forward snowballing from the Android TPL review plus exact-title source verification,W002;W091,Falls within one retained evidence stratum and has a claim-level extraction with an explicit inference limit.,publisher/author abstract or selected source passage plus bibliographic record; no full-text completeness claim,2026-09-15,retained-record trace only; not a complete database-search hit denominator,"retrospective provenance reconstructed from retained ledgers, anchor bibliographies, targeted searches, and exact-title verification; not an original result export"
W060,osspolice,Identifying Open-Source License Violation and 1-Day Security Risk at Large Scale,backward and forward snowballing from the Android TPL review plus exact-title source verification,W002;W091,Falls within one retained evidence stratum and has a claim-level extraction with an explicit inference limit.,full text or selected source passages plus bibliographic record; exact reading boundary retained in extraction ledger,2026-09-15,retained-record trace only; not a complete database-search hit denominator,"retrospective provenance reconstructed from retained ledgers, anchor bibliographies, targeted searches, and exact-title verification; not an original result export"
W061,keepupdated,Keep Me Updated: An Empirical Study of Third-Party Library Updatability on Android,backward and forward snowballing from the Android TPL review plus exact-title source verification,W002;W091,Falls within one retained evidence stratum and has a claim-level extraction with an explicit inference limit.,full text or selected source passages plus bibliographic record; exact reading boundary retained in extraction ledger,2026-09-15,retained-record trace only; not a complete database-search hit denominator,"retrospective provenance reconstructed from retained ledgers, anchor bibliographies, targeted searches, and exact-title verification; not an original result export"
W062,developersupdate,Do Developers Update Third-Party Libraries in Mobile Apps?,backward and forward snowballing from the Android TPL review plus exact-title source verification,W002;W091,Falls within one retained evidence stratum and has a claim-level extraction with an explicit inference limit.,publisher/author abstract or selected source passage plus bibliographic record; no full-text completeness claim,2026-09-15,retained-record trace only; not a complete database-search hit denominator,"retrospective provenance reconstructed from retained ledgers, anchor bibliographies, targeted searches, and exact-title verification; not an original result export"
W063,originsvuln,Understanding the Origins of Mobile App Vulnerabilities: A Large-Scale Measurement Study of Free and Paid Apps,backward and forward snowballing from the Android TPL review plus exact-title source verification,W002;W091,Falls within one retained evidence stratum and has a claim-level extraction with an explicit inference limit.,publisher/author abstract or selected source passage plus bibliographic record; no full-text completeness claim,2026-09-15,retained-record trace only; not a complete database-search hit denominator,"retrospective provenance reconstructed from retained ledgers, anchor bibliographies, targeted searches, and exact-title verification; not an original result export"
W064,appcommune,AppCommune: Automated Third-Party Libraries De-Duplicating and Updating for Android Apps,backward and forward snowballing from the Android TPL review plus exact-title source verification,W002;W091,Falls within one retained evidence stratum and has a claim-level extraction with an explicit inference limit.,publisher/author abstract or selected source passage plus bibliographic record; no full-text completeness claim,2026-09-15,retained-record trace only; not a complete database-search hit denominator,"retrospective provenance reconstructed from retained ledgers, anchor bibliographies, targeted searches, and exact-title verification; not an original result export"
W065,tplprecision,Detecting Third-Party Libraries in Android Applications with High Precision and Recall,backward and forward snowballing from the Android TPL review plus exact-title source verification,W002;W091,Falls within one retained evidence stratum and has a claim-level extraction with an explicit inference limit.,publisher/author abstract or selected source passage plus bibliographic record; no full-text completeness claim,2026-09-15,retained-record trace only; not a complete database-search hit denominator,"retrospective provenance reconstructed from retained ledgers, anchor bibliographies, targeted searches, and exact-title verification; not an original result export"
W066,malicioustpl,An Empirical Study of Potentially Malicious Third-Party Libraries in Android Apps,backward and forward snowballing from the Android TPL review plus exact-title source verification,W002;W091,Falls within one retained evidence stratum and has a claim-level extraction with an explicit inference limit.,publisher/author abstract or selected source passage plus bibliographic record; no full-text completeness claim,2026-09-15,retained-record trace only; not a complete database-search hit denominator,"retrospective provenance reconstructed from retained ledgers, anchor bibliographies, targeted searches, and exact-title verification; not an original result export"
W067,tuf,Survivable Key Compromise in Software Update Systems,targeted supply-chain mechanism search and snowballing from SoKs and current reviews,W012-W015;W092;W093;W095,Falls within one retained evidence stratum and has a claim-level extraction with an explicit inference limit.,full text or selected source passages plus bibliographic record; exact reading boundary retained in extraction ledger,2026-09-15,retained-record trace only; not a complete database-search hit denominator,"retrospective provenance reconstructed from retained ledgers, anchor bibliographies, targeted searches, and exact-title verification; not an original result export"
W068,intoto,in-toto: Providing Farm-to-Table Guarantees for Bits and Bytes,targeted supply-chain mechanism search and snowballing from SoKs and current reviews,W012-W015;W092;W093;W095,Falls within one retained evidence stratum and has a claim-level extraction with an explicit inference limit.,full text or selected source passages plus bibliographic record; exact reading boundary retained in extraction ledger,2026-09-15,retained-record trace only; not a complete database-search hit denominator,"retrospective provenance reconstructed from retained ledgers, anchor bibliographies, targeted searches, and exact-title verification; not an original result export"
W069,chainiac,CHAINIAC: Proactive Software-Update Transparency via Collectively Signed Skipchains and Verified Builds,targeted supply-chain mechanism search and snowballing from SoKs and current reviews,W012-W015;W092;W093;W095,Falls within one retained evidence stratum and has a claim-level extraction with an explicit inference limit.,full text or selected source passages plus bibliographic record; exact reading boundary retained in extraction ledger,2026-09-15,retained-record trace only; not a complete database-search hit denominator,"retrospective provenance reconstructed from retained ledgers, anchor bibliographies, targeted searches, and exact-title verification; not an original result export"
W070,sigstore,Sigstore: Software Signing for Everybody,targeted supply-chain mechanism search and snowballing from SoKs and current reviews,W012-W015;W092;W093;W095,Falls within one retained evidence stratum and has a claim-level extraction with an explicit inference limit.,full text or selected source passages plus bibliographic record; exact reading boundary retained in extraction ledger,2026-09-15,retained-record trace only; not a complete database-search hit denominator,"retrospective provenance reconstructed from retained ledgers, anchor bibliographies, targeted searches, and exact-title verification; not an original result export"
W071,diplomat,Diplomat: Using Delegations to Protect Community Repositories,targeted supply-chain mechanism search and snowballing from SoKs and current reviews,W012-W015;W092;W093;W095,Falls within one retained evidence stratum and has a claim-level extraction with an explicit inference limit.,publisher/author abstract or selected source passage plus bibliographic record; no full-text completeness claim,2026-09-15,retained-record trace only; not a complete database-search hit denominator,"retrospective provenance reconstructed from retained ledgers, anchor bibliographies, targeted searches, and exact-title verification; not an original result export"
W072,reprobuilds,Reproducible Builds: Increasing the Integrity of Software Supply Chains,targeted supply-chain mechanism search and snowballing from SoKs and current reviews,W012-W015;W092;W093;W095,Falls within one retained evidence stratum and has a claim-level extraction with an explicit inference limit.,full text or selected source passages plus bibliographic record; exact reading boundary retained in extraction ledger,2026-09-15,retained-record trace only; not a complete database-search hit denominator,"retrospective provenance reconstructed from retained ledgers, anchor bibliographies, targeted searches, and exact-title verification; not an original result export"
W073,reprocontainers,Reproducible Containers,targeted supply-chain mechanism search and snowballing from SoKs and current reviews,W012-W015;W092;W093;W095,Falls within one retained evidence stratum and has a claim-level extraction with an explicit inference limit.,publisher/author abstract or selected source passage plus bibliographic record; no full-text completeness claim,2026-09-15,retained-record trace only; not a complete database-search hit denominator,"retrospective provenance reconstructed from retained ledgers, anchor bibliographies, targeted searches, and exact-title verification; not an original result export"
W074,githubci,Characterizing the Security of GitHub CI Workflows,targeted supply-chain mechanism search and snowballing from SoKs and current reviews,W012-W015;W092;W093;W095,Falls within one retained evidence stratum and has a claim-level extraction with an explicit inference limit.,full text or selected source passages plus bibliographic record; exact reading boundary retained in extraction ledger,2026-09-15,retained-record trace only; not a complete database-search hit denominator,"retrospective provenance reconstructed from retained ledgers, anchor bibliographies, targeted searches, and exact-title verification; not an original result export"
W075,packagemanagers,A Look in the Mirror: Attacks on Package Managers,targeted supply-chain mechanism search and snowballing from SoKs and current reviews,W012-W015;W092;W093;W095,Falls within one retained evidence stratum and has a claim-level extraction with an explicit inference limit.,publisher/author abstract or selected source passage plus bibliographic record; no full-text completeness claim,2026-09-15,retained-record trace only; not a complete database-search hit denominator,"retrospective provenance reconstructed from retained ledgers, anchor bibliographies, targeted searches, and exact-title verification; not an original result export"
W076,duanpackages,Towards Measuring Supply Chain Attacks on Package Managers for Interpreted Languages,targeted supply-chain mechanism search and snowballing from SoKs and current reviews,W012-W015;W092;W093;W095,Falls within one retained evidence stratum and has a claim-level extraction with an explicit inference limit.,full text or selected source passages plus bibliographic record; exact reading boundary retained in extraction ledger,2026-09-15,retained-record trace only; not a complete database-search hit denominator,"retrospective provenance reconstructed from retained ledgers, anchor bibliographies, targeted searches, and exact-title verification; not an original result export"
W077,backstabber,Backstabber's Knife Collection: A Review of Open Source Software Supply Chain Attacks,targeted supply-chain mechanism search and snowballing from SoKs and current reviews,W012-W015;W092;W093;W095,Falls within one retained evidence stratum and has a claim-level extraction with an explicit inference limit.,publisher/author abstract or selected source passage plus bibliographic record; no full-text completeness claim,2026-09-15,retained-record trace only; not a complete database-search hit denominator,"retrospective provenance reconstructed from retained ledgers, anchor bibliographies, targeted searches, and exact-title verification; not an original result export"
W078,npmworld,Small World with High Risks: A Study of Security Threats in the npm Ecosystem,targeted supply-chain mechanism search and snowballing from SoKs and current reviews,W012-W015;W092;W093;W095,Falls within one retained evidence stratum and has a claim-level extraction with an explicit inference limit.,full text or selected source passages plus bibliographic record; exact reading boundary retained in extraction ledger,2026-09-15,retained-record trace only; not a complete database-search hit denominator,"retrospective provenance reconstructed from retained ledgers, anchor bibliographies, targeted searches, and exact-title verification; not an original result export"
W079,weaklinks,What Are Weak Links in the npm Supply Chain?,targeted supply-chain mechanism search and snowballing from SoKs and current reviews,W012-W015;W092;W093;W095,Falls within one retained evidence stratum and has a claim-level extraction with an explicit inference limit.,publisher/author abstract or selected source passage plus bibliographic record; no full-text completeness claim,2026-09-15,retained-record trace only; not a complete database-search hit denominator,"retrospective provenance reconstructed from retained ledgers, anchor bibliographies, targeted searches, and exact-title verification; not an original result export"
W080,legitimate,Le-git-imate: Towards Verifiable Web-Based Git Repositories,targeted supply-chain mechanism search and snowballing from SoKs and current reviews,W012-W015;W092;W093;W095,Falls within one retained evidence stratum and has a claim-level extraction with an explicit inference limit.,publisher/author abstract or selected source passage plus bibliographic record; no full-text completeness claim,2026-09-15,retained-record trace only; not a complete database-search hit denominator,"retrospective provenance reconstructed from retained ledgers, anchor bibliographies, targeted searches, and exact-title verification; not an original result export"
W081,contour,Contour: A Practical System for Binary Transparency,targeted supply-chain mechanism search and snowballing from SoKs and current reviews,W012-W015;W092;W093;W095,Falls within one retained evidence stratum and has a claim-level extraction with an explicit inference limit.,publisher/author abstract or selected source passage plus bibliographic record; no full-text completeness claim,2026-09-16,retained-record trace only; not a complete database-search hit denominator,"retrospective provenance reconstructed from retained ledgers, anchor bibliographies, targeted searches, and exact-title verification; not an original result export"
W082,text2app,Text2App: A Framework for Creating Android Apps from Text Descriptions,"targeted mobile-generation, code-assistant security, package-hallucination, and privacy search",W082-W089,Falls within one retained evidence stratum and has a claim-level extraction with an explicit inference limit.,full text or selected source passages plus bibliographic record; exact reading boundary retained in extraction ledger,2026-09-16,retained-record trace only; not a complete database-search hit denominator,"retrospective provenance reconstructed from retained ledgers, anchor bibliographies, targeted searches, and exact-title verification; not an original result export"
W083,appforge,AppForge: From Assistant to Independent Developer---Are GPTs Ready for Software Development?,"targeted mobile-generation, code-assistant security, package-hallucination, and privacy search",W082-W089,Falls within one retained evidence stratum and has a claim-level extraction with an explicit inference limit.,full text or selected source passages plus bibliographic record; exact reading boundary retained in extraction ledger,2026-09-15,retained-record trace only; not a complete database-search hit denominator,"retrospective provenance reconstructed from retained ledgers, anchor bibliographies, targeted searches, and exact-title verification; not an original result export"
W084,pearce,Asleep at the Keyboard? Assessing the Security of GitHub Copilot's Code Contributions,"targeted mobile-generation, code-assistant security, package-hallucination, and privacy search",W082-W089,Falls within one retained evidence stratum and has a claim-level extraction with an explicit inference limit.,full text or selected source passages plus bibliographic record; exact reading boundary retained in extraction ledger,2026-09-15,retained-record trace only; not a complete database-search hit denominator,"retrospective provenance reconstructed from retained ledgers, anchor bibliographies, targeted searches, and exact-title verification; not an original result export"
W085,perry,Do Users Write More Insecure Code with AI Assistants?,"targeted mobile-generation, code-assistant security, package-hallucination, and privacy search",W082-W089,Falls within one retained evidence stratum and has a claim-level extraction with an explicit inference limit.,full text or selected source passages plus bibliographic record; exact reading boundary retained in extraction ledger,2026-09-15,retained-record trace only; not a complete database-search hit denominator,"retrospective provenance reconstructed from retained ledgers, anchor bibliographies, targeted searches, and exact-title verification; not an original result export"
W086,sandoval,Lost at C: A User Study on the Security Implications of Large Language Model Code Assistants,"targeted mobile-generation, code-assistant security, package-hallucination, and privacy search",W082-W089,Falls within one retained evidence stratum and has a claim-level extraction with an explicit inference limit.,full text or selected source passages plus bibliographic record; exact reading boundary retained in extraction ledger,2026-09-15,retained-record trace only; not a complete database-search hit denominator,"retrospective provenance reconstructed from retained ledgers, anchor bibliographies, targeted searches, and exact-title verification; not an original result export"
W087,spracklen,We Have a Package for You! A Comprehensive Analysis of Package Hallucinations by Code Generating LLMs,"targeted mobile-generation, code-assistant security, package-hallucination, and privacy search",W082-W089,Falls within one retained evidence stratum and has a claim-level extraction with an explicit inference limit.,full text or selected source passages plus bibliographic record; exact reading boundary retained in extraction ledger,2026-09-15,retained-record trace only; not a complete database-search hit denominator,"retrospective provenance reconstructed from retained ledgers, anchor bibliographies, targeted searches, and exact-title verification; not an original result export"
W088,khoury,How Secure Is Code Generated by ChatGPT?,"targeted mobile-generation, code-assistant security, package-hallucination, and privacy search",W082-W089,Falls within one retained evidence stratum and has a claim-level extraction with an explicit inference limit.,publisher/author abstract or selected source passage plus bibliographic record; no full-text completeness claim,2026-09-16,retained-record trace only; not a complete database-search hit denominator,"retrospective provenance reconstructed from retained ledgers, anchor bibliographies, targeted searches, and exact-title verification; not an original result export"
W089,codexleaks,CodexLeaks: Privacy Leaks from Code Generation Language Models in GitHub Copilot,"targeted mobile-generation, code-assistant security, package-hallucination, and privacy search",W082-W089,Falls within one retained evidence stratum and has a claim-level extraction with an explicit inference limit.,full text or selected source passages plus bibliographic record; exact reading boundary retained in extraction ledger,2026-09-15,retained-record trace only; not a complete database-search hit denominator,"retrospective provenance reconstructed from retained ledgers, anchor bibliographies, targeted searches, and exact-title verification; not an original result export"
W090,wurepack2026,Android App Repackaging Detection: A Comprehensive Survey,targeted current direct-prior adversary search,S5,Falls within one retained evidence stratum and has a claim-level extraction with an explicit inference limit.,"publisher/arXiv abstract, selected passages where accessible, and bibliographic record; no exhaustive full-text claim",2026-09-15,retained-record trace only; not a complete database-search hit denominator,"retrospective provenance reconstructed from retained ledgers, anchor bibliographies, targeted searches, and exact-title verification; not an original result export"
W091,zengtpsurvey2024,A Survey of Third-Party Library Security Research in Application Software,targeted current adjacent-review search,S6,Falls within one retained evidence stratum and has a claim-level extraction with an explicit inference limit.,"publisher/arXiv abstract, selected passages where accessible, and bibliographic record; no exhaustive full-text claim",2026-09-15,retained-record trace only; not a complete database-search hit denominator,"retrospective provenance reconstructed from retained ledgers, anchor bibliographies, targeted searches, and exact-title verification; not an original result export"
W092,reichert2024,Software Supply Chain Security: A Systematic Literature Review,targeted 2024-2026 supply-chain close-review update,S7,Falls within one retained evidence stratum and has a claim-level extraction with an explicit inference limit.,"publisher/arXiv abstract, selected passages where accessible, and bibliographic record; no exhaustive full-text claim",2026-09-15,retained-record trace only; not a complete database-search hit denominator,"retrospective provenance reconstructed from retained ledgers, anchor bibliographies, targeted searches, and exact-title verification; not an original result export"
W093,williams2025,Research Directions in Software Supply Chain Security,targeted 2024-2026 supply-chain close-review update,S7,Falls within one retained evidence stratum and has a claim-level extraction with an explicit inference limit.,selected full-text sections plus bibliographic record; exact reading boundary retained in source_locations.csv,2026-09-15,retained-record trace only; not a complete database-search hit denominator,"retrospective provenance reconstructed from retained ledgers, anchor bibliographies, targeted searches, and exact-title verification; not an original result export"
W094,cyberrisk2026,Cyber Supply Chain Risk Management: From Threats to Treatment,targeted 2024-2026 cyber/software-supply-chain close-review update and exact-title verification,S7; replacement search after withdrawal/version audit,Peer-reviewed review with directly inspectable method and bounded supply-chain risk synthesis; retained with explicit mobile-lineage limitation.,publisher full text and version-of-record metadata; selected sections coded with explicit boundary,2026-09-16,retained-record trace only; not a complete database-search hit denominator,retrospective provenance reconstructed from retained ledgers and targeted exact-title/version searches; not an original result export
W095,gokkaya2026,"Software Supply Chain: A Taxonomy of Attacks, Mitigations and Risk Assessment Strategies",targeted 2024-2026 supply-chain close-review update,S7,Falls within one retained evidence stratum and has a claim-level extraction with an explicit inference limit.,selected full-text sections plus bibliographic record; exact reading boundary retained in source_locations.csv,2026-09-15,retained-record trace only; not a complete database-search hit denominator,"retrospective provenance reconstructed from retained ledgers, anchor bibliographies, targeted searches, and exact-title verification; not an original result export"
W096,bi2024sbom,On the Way to SBOMs: Investigating Design Issues and Solutions in Practice,forward/backward SBOM practice snowballing from retained supply-chain reviews and exact DOI verification,SBOM empirical-practice repair slice,Peer-reviewed empirical study directly addresses design and operational limits of SBOM evidence.,publisher record and author manuscript; empirical design/issues analysis with explicit inference limit,2026-09-16,retained-record trace only; not a complete database-search hit denominator,retrospective provenance reconstructed from retained ledgers and targeted exact-title/version searches; not an original result export
W097,bomsaway2024,BOMs Away! Inside the Minds of Stakeholders: A Comprehensive Study of Bills of Materials for Software Systems,forward/backward SBOM stakeholder-study snowballing and exact DOI verification,SBOM empirical-practice repair slice,Peer-reviewed mixed-method evidence directly characterizes stakeholder challenges and limitations of SBOM creation and use.,peer-reviewed ICSE paper and official publication metadata; selected full-text sections coded,2026-09-16,retained-record trace only; not a complete database-search hit denominator,retrospective provenance reconstructed from retained ledgers and targeted exact-title/version searches; not an original result export
