recheck_id,record_id,bib_key,original_ceiling,rechecked_ceiling,source_location,source_url_or_access_note,date,result,independent,boundary
Q01,W090,wurepack2026,cross-cutting,secondary synthesis of repackaging detection through the survey period,"publisher or author abstract, bibliographic record, and any selected accessible passage; no full-text completeness claim",https://doi.org/10.1016/j.csa.2026.100124,2026-09-13,retained_or_narrowed,false,It prevents positioning this paper as merely a newer repackaging survey; it does not by itself supply the present cross-layer claim-binding code.
Q02,W001,repack,cross-cutting,secondary synthesis of Android repackaging through its search cutoff,linked full text or selected substantive source passages; exact cover-to-cover completeness is not claimed,https://doi.org/10.1109/TSE.2019.2901679,2026-09-13,retained_or_narrowed,false,Does not cover the later AI-mediated or end-to-end supply-chain evidence problem.
Q03,W002,tpl,cross-cutting,secondary synthesis of Android TPL analysis,linked full text or selected substantive source passages; exact cover-to-cover completeness is not claimed,https://doi.org/10.1109/TSE.2021.3114381,2026-09-13,retained_or_narrowed,false,"It structures composition evidence but does not turn a component match into application ancestry, authorization, or exploitability."
Q04,W091,zengtpsurvey2024,cross-cutting,secondary synthesis of TPL security research,linked full text or selected substantive source passages; exact cover-to-cover completeness is not claimed,https://arxiv.org/abs/2404.17955,2026-09-13,retained_or_narrowed,false,Its scope is broader than Android but does not provide a uniform mobile lineage claim ladder.
Q05,W092,reichert2024,cross-cutting,secondary synthesis of supply-chain security,"publisher or author abstract, bibliographic record, and any selected accessible passage; no full-text completeness claim",https://doi.org/10.1080/1206212X.2024.2390978,2026-09-13,retained_or_narrowed,false,It is not evidence that a particular Android artifact descends from another artifact.
Q06,W093,williams2025,cross-cutting,research-direction synthesis,abstract; attack-vector and research-direction synthesis; dependency-reachability limitation; selected conclusion passages in author PDF,https://dwermke.com/pdf/journal-tosem-williams25.pdf,2026-09-15,retained_or_narrowed,false,"Research priorities do not authenticate any individual build, release, or APK."
Q07,W094,cyberrisk2026,cross-cutting,secondary synthesis of cyber-supply-chain risk and treatment,"publisher full text: abstract, review method, threat/treatment synthesis, and conclusion; no cover-to-cover coding claim",https://link.springer.com/article/10.1007/s10207-025-01207-9,2026-09-16,replacement_record_retained_with_narrowed_ceiling,false,"Broad cyber-supply-chain risk categories do not establish Android artifact ancestry, exact component versions, or digest-level provenance."
Q08,W095,gokkaya2026,cross-cutting,secondary taxonomy and risk synthesis,"abstract; literature-review methodology (PDF p. 5); attack, risk-assessment, and control synthesis (selected sections)",https://arxiv.org/abs/2305.14157,2026-09-15,retained_or_narrowed,false,A threat/mitigation category is not a proof that a particular artifact history is authorized or safe.
Q09,W012,astra,cross-cutting,secondary synthesis or evaluation guidance only,linked full text or selected substantive source passages; exact cover-to-cover completeness is not claimed,https://ieeexplore.ieee.org/document/11624354,2026-09-16,retained_or_narrowed,false,"Does not independently establish detector accuracy, field prevalence, or absence of uncited work."
Q10,W013,properties,cross-cutting,secondary synthesis or evaluation guidance only,linked full text or selected substantive source passages; exact cover-to-cover completeness is not claimed,https://doi.org/10.1145/3560835.3564556,2026-09-13,retained_or_narrowed,false,"Does not independently establish detector accuracy, field prevalence, or absence of uncited work."
Q11,W067,tuf,L0/L4/L5 or L6,L5 authorization for repository metadata under policy,linked full text or selected substantive source passages; exact cover-to-cover completeness is not claimed,https://doi.org/10.1145/1866307.1866315,2026-09-13,retained_or_narrowed,false,It does not establish semantic equivalence to source or benign runtime behavior.
Q12,W068,intoto,L0/L4/L5 or L6,L4 process provenance and scoped L5 authorization,linked full text or selected substantive source passages; exact cover-to-cover completeness is not claimed,https://www.usenix.org/conference/usenixsecurity19/presentation/torres-arias,2026-09-15,retained_or_narrowed,false,A valid layout can faithfully attest a malicious or inadequate process.
Q13,W070,sigstore,L0/L4/L5 or L6,signed-artifact identity binding and authenticated publication; L5 requires release policy,official Sigstore threat model and author policy explanation; CCS full text not reacquired in this repair,https://doi.org/10.1145/3548606.3560596,2026-10-06,narrowed_using_official_identity_and_policy_sources,false,Signed identity and publication alone do not establish build provenance or release authority; policy and step evidence are separate.
Q14,W072,reprobuilds,L0/L4/L5 or L6,L0 output identity under controlled inputs,linked full text or selected substantive source passages; exact cover-to-cover completeness is not claimed,https://doi.org/10.1109/MS.2021.3073045,2026-09-13,retained_or_narrowed,false,Convergence does not establish input authorization or benign semantics.
Q15,W016,droidmoss,L0-L3 or L6,L2 resemblance and labeled-case evidence,linked full text or selected substantive source passages; exact cover-to-cover completeness is not claimed,https://doi.org/10.1145/2133601.2133640,2026-09-13,retained_or_narrowed,false,"Market/order assumptions and manual investigation, not fuzzy similarity alone, carry derivation direction."
Q16,W050,commonlibraries,L1-L3 or L6,"L1 composition, with L2/L6 only where separately observed","publisher or author abstract, bibliographic record, and any selected accessible passage; no full-text completeness claim",https://doi.org/10.1109/SANER.2016.52,2026-09-13,retained_or_narrowed,false,"Family, version, reachability, ancestry, and exploitability remain separate propositions."
Q17,W053,libscout,L1-L3 or L6,L1 family/version evidence under its reference database,linked full text or selected substantive source passages; exact cover-to-cover completeness is not claimed,https://doi.org/10.1145/2976749.2978333,2026-09-15,retained_or_narrowed,false,"Version identification does not by itself establish reachability, exploitability, or application ancestry."
Q18,W056,atvhunter,L1-L3 or L6,L1 version evidence plus vulnerability linkage,linked full text or selected substantive source passages; exact cover-to-cover completeness is not claimed,https://doi.org/10.1109/ICSE43902.2021.00150,2026-09-15,retained_or_narrowed,false,A vulnerable-version match does not show that affected code is reachable or exploitable.
Q19,W082,text2app,L3-L6,feasibility of an AI-mediated Android creation transformation,linked full text or selected substantive source passages; exact cover-to-cover completeness is not claimed,https://arxiv.org/abs/2104.08301,2026-09-16,retained_or_narrowed,false,Compilation or task success does not authenticate ancestry or release authority.
Q20,W083,appforge,L3-L6,AI-mediated multi-step artifact creation context,arXiv v1 full text: sections 3.1-3.3 and 4.3; selected benchmark and evaluation passages,https://arxiv.org/abs/2510.07740,2026-10-06,clarified_benchmark_role_with_separate_lineage_binding,false,"The benchmark evaluates task outcomes, not authenticated lineage; accepted edits and downstream APK digests need separate binding."
Q21,W084,pearce,L3-L6,L6 task-specific generated-code security evidence,linked full text or selected substantive source passages; exact cover-to-cover completeness is not claimed,https://doi.org/10.1109/SP46214.2022.9833571,2026-09-15,retained_or_narrowed,false,Reported tasks do not establish provenance completeness or mobile-wide behavior.
Q22,W085,perry,L3-L6,L6 task-specific behavioral/security evidence,linked full text or selected substantive source passages; exact cover-to-cover completeness is not claimed,https://doi.org/10.1145/3576915.3623157,2026-09-13,retained_or_narrowed,false,The participant/task result is not an Android lineage or universal assistant-safety claim.
Q23,W087,spracklen,L3-L6,dependency-recommendation risk evidence,linked full text or selected substantive source passages; exact cover-to-cover completeness is not claimed,https://www.usenix.org/conference/usenixsecurity25/presentation/spracklen,2026-09-15,retained_or_narrowed,false,A suggested package name is neither a resolved component nor proof of packaged reachability.
Q24,W089,codexleaks,L3-L6,L6 privacy-risk evidence under its test setting,"official USENIX abstract and selected full-paper passages describing the extraction pipeline, membership-inference filter, and reported privacy outcomes",https://www.usenix.org/conference/usenixsecurity23/presentation/niu,2026-09-15,retained_or_narrowed,false,Leakage evidence does not identify the causal ancestry of an arbitrary APK.
Q25,W096,bi2024sbom,L1/L4 practice evidence,empirical SBOM design/practice evidence only,"publisher record; abstract, methods/data collection, design-issue taxonomy, and discussion",https://dl.acm.org/doi/10.1145/3654442,2026-09-16,retained_with_explicit_artifact_binding_limit,false,"Repository discussions do not prove that an SBOM is complete, current, or bound to the analyzed APK."
Q26,W097,bomsaway2024,L1/L4 practice evidence,stakeholder evidence about SBOM creation and use only,"peer-reviewed paper: abstract, methodology, challenge taxonomy, discussion, and limitations",https://ieeexplore.ieee.org/document/10548562,2026-09-16,retained_with_explicit_non_guarantee_limit,false,Stakeholder-reported practice does not authenticate a particular artifact or establish benign behavior.
