record_id,bib_key,title,consumed_source_url,representation,locations,reading_boundary,publication_or_version_evidence,access_date,offline_full_text,verification_route,boundary_note
W001,repack,Rebooting Research on Detecting Repackaged Android Apps: Literature Review and Benchmark,https://doi.org/10.1109/TSE.2019.2901679,publisher DOI record with selected source access where available,linked full text or selected substantive source passages; exact cover-to-cover completeness is not claimed,selected substantive source sections plus bibliographic record; not necessarily cover-to-cover,venue_recorded; bibliography key repack,2026-09-15,not_bundled_by_design,direct DOI locator to publisher record,Records what was consumed for this bounded synthesis; copyrighted full text is not redistributed and interpretation was not independently dual-coded.
W002,tpl,Research on Third-Party Libraries in Android Apps: A Taxonomy and Systematic Literature Review,https://doi.org/10.1109/TSE.2021.3114381,publisher DOI record with selected source access where available,linked full text or selected substantive source passages; exact cover-to-cover completeness is not claimed,selected substantive source sections plus bibliographic record; not necessarily cover-to-cover,venue_recorded; bibliography key tpl,2026-09-15,not_bundled_by_design,direct DOI locator to publisher record,Records what was consumed for this bounded synthesis; copyrighted full text is not redistributed and interpretation was not independently dual-coded.
W003,staticandroid,Static Analysis of Android Apps: A Systematic Literature Review,https://doi.org/10.1016/j.infsof.2017.04.001,publisher DOI record with selected source access where available,linked full text or selected substantive source passages; exact cover-to-cover completeness is not claimed,selected substantive source sections plus bibliographic record; not necessarily cover-to-cover,venue_recorded; bibliography key staticandroid,2026-09-15,not_bundled_by_design,direct DOI locator to publisher record,Records what was consumed for this bounded synthesis; copyrighted full text is not redistributed and interpretation was not independently dual-coded.
W004,androidtesting,Automated Testing of Android Apps: A Systematic Literature Review,https://doi.org/10.1109/TR.2018.2865733,publisher DOI record with selected source access where available,linked full text or selected substantive source passages; exact cover-to-cover completeness is not claimed,selected substantive source sections plus bibliographic record; not necessarily cover-to-cover,venue_recorded; bibliography key androidtesting,2026-09-15,not_bundled_by_design,direct DOI locator to publisher record,Records what was consumed for this bounded synthesis; copyrighted full text is not redistributed and interpretation was not independently dual-coded.
W005,sufatrio,"Securing Android: A Survey, Taxonomy, and Challenges",https://doi.org/10.1145/2733306,publisher DOI record with selected source access where available,linked full text or selected substantive source passages; exact cover-to-cover completeness is not claimed,selected substantive source sections plus bibliographic record; not necessarily cover-to-cover,venue_recorded; bibliography key sufatrio,2026-09-15,not_bundled_by_design,direct DOI locator to publisher record,Records what was consumed for this bounded synthesis; copyrighted full text is not redistributed and interpretation was not independently dual-coded.
W006,xuandroid,Toward Engineering a Secure Android Ecosystem: A Survey of Existing Techniques,https://doi.org/10.1145/2963145,publisher DOI record with selected source access where available,linked full text or selected substantive source passages; exact cover-to-cover completeness is not claimed,selected substantive source sections plus bibliographic record; not necessarily cover-to-cover,venue_recorded; bibliography key xuandroid,2026-09-15,not_bundled_by_design,direct DOI locator to publisher record,Records what was consumed for this bounded synthesis; copyrighted full text is not redistributed and interpretation was not independently dual-coded.
W007,tamandroid,The Evolution of Android Malware and Android Analysis Techniques,https://doi.org/10.1145/3017427,publisher DOI record with selected source access where available,linked full text or selected substantive source passages; exact cover-to-cover completeness is not claimed,selected substantive source sections plus bibliographic record; not necessarily cover-to-cover,venue_recorded; bibliography key tamandroid,2026-09-15,not_bundled_by_design,direct DOI locator to publisher record,Records what was consumed for this bounded synthesis; copyrighted full text is not redistributed and interpretation was not independently dual-coded.
W008,brereton,Lessons from Applying the Systematic Literature Review Process within the Software Engineering Domain,https://doi.org/10.1016/j.jss.2006.07.009,publisher DOI record with selected source access where available,linked full text or selected substantive source passages; exact cover-to-cover completeness is not claimed,selected substantive source sections plus bibliographic record; not necessarily cover-to-cover,venue_recorded; bibliography key brereton,2026-09-15,not_bundled_by_design,direct DOI locator to publisher record,Records what was consumed for this bounded synthesis; copyrighted full text is not redistributed and interpretation was not independently dual-coded.
W009,wohlin,Guidelines for Snowballing in Systematic Literature Studies and a Replication in Software Engineering,https://doi.org/10.1145/2601248.2601268,publisher DOI record with selected source access where available,linked full text or selected substantive source passages; exact cover-to-cover completeness is not claimed,selected substantive source sections plus bibliographic record; not necessarily cover-to-cover,venue_recorded; bibliography key wohlin,2026-09-15,not_bundled_by_design,direct DOI locator to publisher record,Records what was consumed for this bounded synthesis; copyrighted full text is not redistributed and interpretation was not independently dual-coded.
W010,kitchenham,Procedures for Performing Systematic Reviews,https://www.inf.ufsc.br/~aldo.vw/kitchenham.pdf,author or institutional PDF,linked full text or selected substantive source passages; exact cover-to-cover completeness is not claimed,selected substantive source sections plus bibliographic record; not necessarily cover-to-cover,technical_method_report; bibliography key kitchenham,2026-09-15,not_bundled_by_design,author or institutional manuscript PDF,Records what was consumed for this bounded synthesis; copyrighted full text is not redistributed and interpretation was not independently dual-coded.
W011,blackburn,Wake Up and Smell the Coffee: Evaluation Methodology for the 21st Century,https://doi.org/10.1145/1378704.1378723,publisher DOI record with selected source access where available,linked full text or selected substantive source passages; exact cover-to-cover completeness is not claimed,selected substantive source sections plus bibliographic record; not necessarily cover-to-cover,venue_recorded; bibliography key blackburn,2026-09-15,not_bundled_by_design,direct DOI locator to publisher record,Records what was consumed for this bounded synthesis; copyrighted full text is not redistributed and interpretation was not independently dual-coded.
W012,astra,SoK: A Defense-Oriented Evaluation of Software Supply Chain Security,https://ieeexplore.ieee.org/document/11624354,publisher version-of-record metadata with linked scholarly text where accessible,linked full text or selected substantive source passages; exact cover-to-cover completeness is not claimed,selected substantive source sections plus bibliographic record; not necessarily cover-to-cover,venue_recorded; bibliography key astra,2026-09-16,not_bundled_by_design,publisher or official scholarly record plus version check,Records what was consumed for this bounded synthesis; copyrighted full text is not redistributed and interpretation was not independently dual-coded.
W013,properties,SoK: Analysis of Software Supply Chain Security by Establishing Secure Design Properties,https://doi.org/10.1145/3560835.3564556,publisher DOI record with selected source access where available,linked full text or selected substantive source passages; exact cover-to-cover completeness is not claimed,selected substantive source sections plus bibliographic record; not necessarily cover-to-cover,venue_recorded; bibliography key properties,2026-09-15,not_bundled_by_design,direct DOI locator to publisher record,Records what was consumed for this bounded synthesis; copyrighted full text is not redistributed and interpretation was not independently dual-coded.
W014,ladisa,SoK: Taxonomy of Attacks on Open-Source Software Supply Chains,https://doi.org/10.1109/SP46215.2023.10179304,publisher DOI record with selected source access where available,linked full text or selected substantive source passages; exact cover-to-cover completeness is not claimed,selected substantive source sections plus bibliographic record; not necessarily cover-to-cover,venue_recorded; bibliography key ladisa,2026-09-15,not_bundled_by_design,direct DOI locator to publisher record,Records what was consumed for this bounded synthesis; copyrighted full text is not redistributed and interpretation was not independently dual-coded.
W015,ohmstuke,SoK: Practical Detection of Software Supply Chain Attacks,https://doi.org/10.1145/3600160.3600162,publisher DOI record with selected source access where available,linked full text or selected substantive source passages; exact cover-to-cover completeness is not claimed,selected substantive source sections plus bibliographic record; not necessarily cover-to-cover,venue_recorded; bibliography key ohmstuke,2026-09-15,not_bundled_by_design,direct DOI locator to publisher record,Records what was consumed for this bounded synthesis; copyrighted full text is not redistributed and interpretation was not independently dual-coded.
W016,droidmoss,Detecting Repackaged Smartphone Applications in Third-Party Android Marketplaces,https://doi.org/10.1145/2133601.2133640,publisher DOI record with selected source access where available,linked full text or selected substantive source passages; exact cover-to-cover completeness is not claimed,selected substantive source sections plus bibliographic record; not necessarily cover-to-cover,venue_recorded; bibliography key droidmoss,2026-09-15,not_bundled_by_design,direct DOI locator to publisher record,Records what was consumed for this bounded synthesis; copyrighted full text is not redistributed and interpretation was not independently dual-coded.
W017,attackclones,Attack of the Clones: Detecting Cloned Applications on Android Markets,https://doi.org/10.1007/978-3-642-33167-1_3,publisher DOI record with selected source access where available,linked full text or selected substantive source passages; exact cover-to-cover completeness is not claimed,selected substantive source sections plus bibliographic record; not necessarily cover-to-cover,venue_recorded; bibliography key attackclones,2026-09-15,not_bundled_by_design,direct DOI locator to publisher record,Records what was consumed for this bounded synthesis; copyrighted full text is not redistributed and interpretation was not independently dual-coded.
W018,adrob,AdRob: Examining the Landscape and Impact of Android Application Plagiarism,https://doi.org/10.1145/2462456.2464461,publisher DOI record or abstract,"publisher or author abstract, bibliographic record, and any selected accessible passage; no full-text completeness claim",publisher or author abstract or selected accessible passage plus bibliographic record; no full-text completeness claim,venue_recorded; bibliography key adrob,2026-09-15,not_bundled_by_design,direct DOI locator to publisher record,Records what was consumed for this bounded synthesis; copyrighted full text is not redistributed and interpretation was not independently dual-coded.
W019,appink,AppInk: Watermarking Android Apps for Repackaging Deterrence,https://doi.org/10.1145/2484313.2484315,publisher DOI record or abstract,"publisher or author abstract, bibliographic record, and any selected accessible passage; no full-text completeness claim",publisher or author abstract or selected accessible passage plus bibliographic record; no full-text completeness claim,venue_recorded; bibliography key appink,2026-09-15,not_bundled_by_design,direct DOI locator to publisher record,Records what was consumed for this bounded synthesis; copyrighted full text is not redistributed and interpretation was not independently dual-coded.
W020,droidmarking,DroidMarking: Resilient Software Watermarking for Impeding Android Application Repackaging,https://doi.org/10.1145/2642937.2642977,publisher DOI record or abstract,"publisher or author abstract, bibliographic record, and any selected accessible passage; no full-text completeness claim",publisher or author abstract or selected accessible passage plus bibliographic record; no full-text completeness claim,venue_recorded; bibliography key droidmarking,2026-09-15,not_bundled_by_design,direct DOI locator to publisher record,Records what was consumed for this bounded synthesis; copyrighted full text is not redistributed and interpretation was not independently dual-coded.
W021,codematch,CodeMatch: Obfuscation Won't Conceal Your Repackaged App,https://doi.org/10.1145/3106237.3106305,publisher DOI record with selected source access where available,linked full text or selected substantive source passages; exact cover-to-cover completeness is not claimed,selected substantive source sections plus bibliographic record; not necessarily cover-to-cover,venue_recorded; bibliography key codematch,2026-09-15,not_bundled_by_design,direct DOI locator to publisher record,Records what was consumed for this bounded synthesis; copyrighted full text is not redistributed and interpretation was not independently dual-coded.
W022,heterogeneity,Detection of Repackaged Android Malware with Code-Heterogeneity Features,https://doi.org/10.1109/TDSC.2017.2745575,publisher DOI record or abstract,"publisher or author abstract, bibliographic record, and any selected accessible passage; no full-text completeness claim",publisher or author abstract or selected accessible passage plus bibliographic record; no full-text completeness claim,venue_recorded; bibliography key heterogeneity,2026-09-15,not_bundled_by_design,direct DOI locator to publisher record,Records what was consumed for this bounded synthesis; copyrighted full text is not redistributed and interpretation was not independently dual-coded.
W023,dapasa,DAPASA: Detecting Android Piggybacked Apps through Sensitive Subgraph Analysis,https://doi.org/10.1109/TIFS.2017.2687880,publisher DOI record with selected source access where available,linked full text or selected substantive source passages; exact cover-to-cover completeness is not claimed,selected substantive source sections plus bibliographic record; not necessarily cover-to-cover,venue_recorded; bibliography key dapasa,2026-09-15,not_bundled_by_design,direct DOI locator to publisher record,Records what was consumed for this bounded synthesis; copyrighted full text is not redistributed and interpretation was not independently dual-coded.
W024,appraiser,Appraiser: A Large Scale Analysis of Android Clone Apps,https://doi.org/10.1587/transinf.2016ICP0012,publisher DOI record or abstract,"publisher or author abstract, bibliographic record, and any selected accessible passage; no full-text completeness claim",publisher or author abstract or selected accessible passage plus bibliographic record; no full-text completeness claim,venue_recorded; bibliography key appraiser,2026-09-15,not_bundled_by_design,direct DOI locator to publisher record,Records what was consumed for this bounded synthesis; copyrighted full text is not redistributed and interpretation was not independently dual-coded.
W025,repdroid,RepDroid: An Automated Tool for Android Application Repackaging Detection,https://doi.org/10.1109/ICPC.2017.16,publisher DOI record or abstract,"publisher or author abstract, bibliographic record, and any selected accessible passage; no full-text completeness claim",publisher or author abstract or selected accessible passage plus bibliographic record; no full-text completeness claim,venue_recorded; bibliography key repdroid,2026-09-15,not_bundled_by_design,direct DOI locator to publisher record,Records what was consumed for this bounded synthesis; copyrighted full text is not redistributed and interpretation was not independently dual-coded.
W026,simidroid,SimiDroid: Identifying and Explaining Similarities in Android Apps,https://doi.org/10.1109/Trustcom/BigDataSE/ICESS.2017.230,publisher DOI record with selected source access where available,linked full text or selected substantive source passages; exact cover-to-cover completeness is not claimed,selected substantive source sections plus bibliographic record; not necessarily cover-to-cover,venue_recorded; bibliography key simidroid,2026-09-15,not_bundled_by_design,direct DOI locator to publisher record,Records what was consumed for this bounded synthesis; copyrighted full text is not redistributed and interpretation was not independently dual-coded.
W027,similarapps,On Automatically Detecting Similar Android Apps,https://doi.org/10.1109/ICPC.2016.7503721,publisher DOI record or abstract,"publisher or author abstract, bibliographic record, and any selected accessible passage; no full-text completeness claim",publisher or author abstract or selected accessible passage plus bibliographic record; no full-text completeness claim,venue_recorded; bibliography key similarapps,2026-09-15,not_bundled_by_design,direct DOI locator to publisher record,Records what was consumed for this bounded synthesis; copyrighted full text is not redistributed and interpretation was not independently dual-coded.
W028,resourceeval,Evaluation of Resource-Based App Repackaging Detection in Android,https://doi.org/10.1007/978-3-319-47560-8_9,publisher DOI record with selected source access where available,linked full text or selected substantive source passages; exact cover-to-cover completeness is not claimed,selected substantive source sections plus bibliographic record; not necessarily cover-to-cover,venue_recorded; bibliography key resourceeval,2026-09-15,not_bundled_by_design,direct DOI locator to publisher record,Records what was consumed for this bounded synthesis; copyrighted full text is not redistributed and interpretation was not independently dual-coded.
W029,semanticsrepack,Semantics-Based Repackaging Detection for Mobile Apps,https://doi.org/10.1007/978-3-319-30806-7_6,publisher DOI record or abstract,"publisher or author abstract, bibliographic record, and any selected accessible passage; no full-text completeness claim",publisher or author abstract or selected accessible passage plus bibliographic record; no full-text completeness claim,venue_recorded; bibliography key semanticsrepack,2026-09-15,not_bundled_by_design,direct DOI locator to publisher record,Records what was consumed for this bounded synthesis; copyrighted full text is not redistributed and interpretation was not independently dual-coded.
W030,androsimilar,AndroSimilar: Robust Signature for Detecting Variants of Android Malware,https://doi.org/10.1016/j.jisa.2014.10.011,publisher DOI record or abstract,"publisher or author abstract, bibliographic record, and any selected accessible passage; no full-text completeness claim",publisher or author abstract or selected accessible passage plus bibliographic record; no full-text completeness claim,venue_recorded; bibliography key androsimilar,2026-09-15,not_bundled_by_design,direct DOI locator to publisher record,Records what was consumed for this bounded synthesis; copyrighted full text is not redistributed and interpretation was not independently dual-coded.
W031,droideagle,DroidEagle: Seamless Detection of Visually Similar Android Apps,https://doi.org/10.1145/2766498.2766508,publisher DOI record or abstract,"publisher or author abstract, bibliographic record, and any selected accessible passage; no full-text completeness claim",publisher or author abstract or selected accessible passage plus bibliographic record; no full-text completeness claim,venue_recorded; bibliography key droideagle,2026-09-15,not_bundled_by_design,direct DOI locator to publisher record,Records what was consumed for this bounded synthesis; copyrighted full text is not redistributed and interpretation was not independently dual-coded.
W032,massvet,Finding Unknown Malice in 10 Seconds: Mass Vetting for New Threats at the Google-Play Scale,https://www.usenix.org/conference/usenixsecurity15/technical-sessions/presentation/chen-kai,official venue page with open-access paper or abstract,linked full text or selected substantive source passages; exact cover-to-cover completeness is not claimed,selected substantive source sections plus bibliographic record; not necessarily cover-to-cover,venue_recorded; bibliography key massvet,2026-09-15,not_bundled_by_design,official venue open-access record,Records what was consumed for this bounded synthesis; copyrighted full text is not redistributed and interpretation was not independently dual-coded.
W033,wukong,WuKong: A Scalable and Accurate Two-Phase Approach to Android App Clone Detection,https://doi.org/10.1145/2771783.2771795,publisher DOI record or abstract,"publisher or author abstract, bibliographic record, and any selected accessible passage; no full-text completeness claim",publisher or author abstract or selected accessible passage plus bibliographic record; no full-text completeness claim,venue_recorded; bibliography key wukong,2026-09-15,not_bundled_by_design,direct DOI locator to publisher record,Records what was consumed for this bounded synthesis; copyrighted full text is not redistributed and interpretation was not independently dual-coded.
W034,andarwin,Andarwin: Scalable Detection of Android Application Clones Based on Semantics,https://doi.org/10.1109/TMC.2014.2381212,publisher DOI record with selected source access where available,linked full text or selected substantive source passages; exact cover-to-cover completeness is not claimed,selected substantive source sections plus bibliographic record; not necessarily cover-to-cover,venue_recorded; bibliography key andarwin,2026-09-15,not_bundled_by_design,direct DOI locator to publisher record,Records what was consumed for this bounded synthesis; copyrighted full text is not redistributed and interpretation was not independently dual-coded.
W035,accuracyclone,Achieving Accuracy and Scalability Simultaneously in Detecting Application Clones on Android Markets,https://doi.org/10.1145/2568225.2568286,publisher DOI record or abstract,"publisher or author abstract, bibliographic record, and any selected accessible passage; no full-text completeness claim",publisher or author abstract or selected accessible passage plus bibliographic record; no full-text completeness claim,venue_recorded; bibliography key accuracyclone,2026-09-15,not_bundled_by_design,direct DOI locator to publisher record,Records what was consumed for this bounded synthesis; copyrighted full text is not redistributed and interpretation was not independently dual-coded.
W036,fsquadra,FSquaDRA: Fast Detection of Repackaged Applications,https://doi.org/10.1007/978-3-662-43936-4_9,publisher DOI record with selected source access where available,linked full text or selected substantive source passages; exact cover-to-cover completeness is not claimed,selected substantive source sections plus bibliographic record; not necessarily cover-to-cover,venue_recorded; bibliography key fsquadra,2026-09-15,not_bundled_by_design,direct DOI locator to publisher record,Records what was consumed for this bounded synthesis; copyrighted full text is not redistributed and interpretation was not independently dual-coded.
W037,resourcedriven,Towards a Scalable Resource-Driven Approach for Detecting Repackaged Android Applications,https://doi.org/10.1145/2664243.2664275,publisher DOI record or abstract,"publisher or author abstract, bibliographic record, and any selected accessible passage; no full-text completeness claim",publisher or author abstract or selected accessible passage plus bibliographic record; no full-text completeness claim,venue_recorded; bibliography key resourcedriven,2026-09-15,not_bundled_by_design,direct DOI locator to publisher record,Records what was consumed for this bounded synthesis; copyrighted full text is not redistributed and interpretation was not independently dual-coded.
W038,viewdroid,ViewDroid: Towards Obfuscation-Resilient Mobile Application Repackaging Detection,https://doi.org/10.1145/2627393.2627395,publisher DOI record with selected source access where available,linked full text or selected substantive source passages; exact cover-to-cover completeness is not claimed,selected substantive source sections plus bibliographic record; not necessarily cover-to-cover,venue_recorded; bibliography key viewdroid,2026-09-15,not_bundled_by_design,direct DOI locator to publisher record,Records what was consumed for this bounded synthesis; copyrighted full text is not redistributed and interpretation was not independently dual-coded.
W039,droidkin,DroidKin: Lightweight Detection of Android Apps Similarity,https://doi.org/10.1007/978-3-319-23829-6_30,publisher DOI record or abstract,"publisher or author abstract, bibliographic record, and any selected accessible passage; no full-text completeness claim",publisher or author abstract or selected accessible passage plus bibliographic record; no full-text completeness claim,venue_recorded; bibliography key droidkin,2026-09-15,not_bundled_by_design,direct DOI locator to publisher record,Records what was consumed for this bounded synthesis; copyrighted full text is not redistributed and interpretation was not independently dual-coded.
W040,juxtapp,Juxtapp: A Scalable System for Detecting Code Reuse among Android Applications,https://doi.org/10.1007/978-3-642-37300-8_4,publisher DOI record or abstract,"publisher or author abstract, bibliographic record, and any selected accessible passage; no full-text completeness claim",publisher or author abstract or selected accessible passage plus bibliographic record; no full-text completeness claim,venue_recorded; bibliography key juxtapp,2026-09-15,not_bundled_by_design,direct DOI locator to publisher record,Records what was consumed for this bounded synthesis; copyrighted full text is not redistributed and interpretation was not independently dual-coded.
W041,plagiarizing,Plagiarizing Smartphone Applications: Attack Strategies and Defense Techniques,https://doi.org/10.1007/978-3-642-28166-2_11,publisher DOI record or abstract,"publisher or author abstract, bibliographic record, and any selected accessible passage; no full-text completeness claim",publisher or author abstract or selected accessible passage plus bibliographic record; no full-text completeness claim,venue_recorded; bibliography key plagiarizing,2026-09-15,not_bundled_by_design,direct DOI locator to publisher record,Records what was consumed for this bounded synthesis; copyrighted full text is not redistributed and interpretation was not independently dual-coded.
W042,reuseandroid,Understanding Reuse in the Android Market,https://doi.org/10.1109/ICPC.2012.6240477,publisher DOI record or abstract,"publisher or author abstract, bibliographic record, and any selected accessible passage; no full-text completeness claim",publisher or author abstract or selected accessible passage plus bibliographic record; no full-text completeness claim,venue_recorded; bibliography key reuseandroid,2026-09-15,not_bundled_by_design,direct DOI locator to publisher record,Records what was consumed for this bounded synthesis; copyrighted full text is not redistributed and interpretation was not independently dual-coded.
W043,piggybacking,Understanding Android App Piggybacking: A Systematic Study of Malicious Code Grafting,https://doi.org/10.1109/TIFS.2017.2656460,publisher DOI record with selected source access where available,linked full text or selected substantive source passages; exact cover-to-cover completeness is not claimed,selected substantive source sections plus bibliographic record; not necessarily cover-to-cover,venue_recorded; bibliography key piggybacking,2026-09-15,not_bundled_by_design,direct DOI locator to publisher record,Records what was consumed for this bounded synthesis; copyrighted full text is not redistributed and interpretation was not independently dual-coded.
W044,repackeval,A Framework for Evaluating Mobile App Repackaging Detection Algorithms,https://doi.org/10.1007/978-3-642-38908-5_13,publisher DOI record with selected source access where available,linked full text or selected substantive source passages; exact cover-to-cover completeness is not claimed,selected substantive source sections plus bibliographic record; not necessarily cover-to-cover,venue_recorded; bibliography key repackeval,2026-09-15,not_bundled_by_design,direct DOI locator to publisher record,Records what was consumed for this bounded synthesis; copyrighted full text is not redistributed and interpretation was not independently dual-coded.
W045,androzoo,AndroZoo: Collecting Millions of Android Apps for the Research Community,https://doi.org/10.1145/2901739.2903508,publisher DOI record with selected source access where available,linked full text or selected substantive source passages; exact cover-to-cover completeness is not claimed,selected substantive source sections plus bibliographic record; not necessarily cover-to-cover,venue_recorded; bibliography key androzoo,2026-09-15,not_bundled_by_design,direct DOI locator to publisher record,Records what was consumed for this bounded synthesis; copyrighted full text is not redistributed and interpretation was not independently dual-coded.
W046,droidchameleon,DroidChameleon: Evaluating Android Anti-Malware against Transformation Attacks,https://doi.org/10.1145/2484313.2484355,publisher DOI record with selected source access where available,linked full text or selected substantive source passages; exact cover-to-cover completeness is not claimed,selected substantive source sections plus bibliographic record; not necessarily cover-to-cover,venue_recorded; bibliography key droidchameleon,2026-09-15,not_bundled_by_design,direct DOI locator to publisher record,Records what was consumed for this bounded synthesis; copyrighted full text is not redistributed and interpretation was not independently dual-coded.
W047,drebin,DREBIN: Effective and Explainable Detection of Android Malware in Your Pocket,https://www.ndss-symposium.org/ndss2014/ndss-2014-programme/drebin-effective-and-explainable-detection-android-malware-your-pocket/,official venue page with open-access paper or abstract,"publisher or author abstract, bibliographic record, and any selected accessible passage; no full-text completeness claim",publisher or author abstract or selected accessible passage plus bibliographic record; no full-text completeness claim,venue_recorded; bibliography key drebin,2026-09-15,not_bundled_by_design,official venue open-access record,Records what was consumed for this bounded synthesis; copyrighted full text is not redistributed and interpretation was not independently dual-coded.
W048,mamadroid,MaMaDroid: Detecting Android Malware by Building Markov Chains of Behavioral Models,https://arxiv.org/abs/1711.07477,arXiv record with linked full text,"abstract and introduction; system Sections 2.3-2.4; evaluation and conclusion (selected PDF pp. 1, 6, and 30)",selected substantive source sections plus bibliographic record; not necessarily cover-to-cover,venue_recorded; bibliography key mamadroid,2026-09-15,not_bundled_by_design,arXiv scholarly record and linked manuscript,Records what was consumed for this bounded synthesis; copyrighted full text is not redistributed and interpretation was not independently dual-coded.
W049,flowdroid,"FlowDroid: Precise Context, Flow, Field, Object-Sensitive and Lifecycle-Aware Taint Analysis for Android Apps",https://doi.org/10.1145/2594291.2594299,publisher DOI record with selected source access where available,linked full text or selected substantive source passages; exact cover-to-cover completeness is not claimed,selected substantive source sections plus bibliographic record; not necessarily cover-to-cover,venue_recorded; bibliography key flowdroid,2026-09-15,not_bundled_by_design,direct DOI locator to publisher record,Records what was consumed for this bounded synthesis; copyrighted full text is not redistributed and interpretation was not independently dual-coded.
W050,commonlibraries,An Investigation into the Use of Common Libraries in Android Apps,https://doi.org/10.1109/SANER.2016.52,publisher DOI record or abstract,"publisher or author abstract, bibliographic record, and any selected accessible passage; no full-text completeness claim",publisher or author abstract or selected accessible passage plus bibliographic record; no full-text completeness claim,venue_recorded; bibliography key commonlibraries,2026-09-15,not_bundled_by_design,direct DOI locator to publisher record,Records what was consumed for this bounded synthesis; copyrighted full text is not redistributed and interpretation was not independently dual-coded.
W051,libd,LibD: Scalable and Precise Third-Party Library Detection in Android Markets,https://doi.org/10.1109/ICSE.2017.38,publisher DOI record with selected source access where available,linked full text or selected substantive source passages; exact cover-to-cover completeness is not claimed,selected substantive source sections plus bibliographic record; not necessarily cover-to-cover,venue_recorded; bibliography key libd,2026-09-15,not_bundled_by_design,direct DOI locator to publisher record,Records what was consumed for this bounded synthesis; copyrighted full text is not redistributed and interpretation was not independently dual-coded.
W052,libradar,LibRadar: Fast and Accurate Detection of Third-Party Libraries in Android Apps,https://doi.org/10.1145/2889160.2889178,publisher DOI record with selected source access where available,linked full text or selected substantive source passages; exact cover-to-cover completeness is not claimed,selected substantive source sections plus bibliographic record; not necessarily cover-to-cover,venue_recorded; bibliography key libradar,2026-09-15,not_bundled_by_design,direct DOI locator to publisher record,Records what was consumed for this bounded synthesis; copyrighted full text is not redistributed and interpretation was not independently dual-coded.
W053,libscout,Reliable Third-Party Library Detection in Android and Its Security Applications,https://doi.org/10.1145/2976749.2978333,publisher DOI record with selected source access where available,linked full text or selected substantive source passages; exact cover-to-cover completeness is not claimed,selected substantive source sections plus bibliographic record; not necessarily cover-to-cover,venue_recorded; bibliography key libscout,2026-09-15,not_bundled_by_design,direct DOI locator to publisher record,Records what was consumed for this bounded synthesis; copyrighted full text is not redistributed and interpretation was not independently dual-coded.
W054,libid,LibID: Reliable Identification of Obfuscated Third-Party Android Libraries,https://doi.org/10.1145/3293882.3330563,publisher DOI record with selected source access where available,linked full text or selected substantive source passages; exact cover-to-cover completeness is not claimed,selected substantive source sections plus bibliographic record; not necessarily cover-to-cover,venue_recorded; bibliography key libid,2026-09-15,not_bundled_by_design,direct DOI locator to publisher record,Records what was consumed for this bounded synthesis; copyrighted full text is not redistributed and interpretation was not independently dual-coded.
W055,orlis,ORLIS: Obfuscation-Resilient Library Detection for Android,https://doi.org/10.1145/3197231.3197248,publisher DOI record with selected source access where available,linked full text or selected substantive source passages; exact cover-to-cover completeness is not claimed,selected substantive source sections plus bibliographic record; not necessarily cover-to-cover,venue_recorded; bibliography key orlis,2026-09-15,not_bundled_by_design,direct DOI locator to publisher record,Records what was consumed for this bounded synthesis; copyrighted full text is not redistributed and interpretation was not independently dual-coded.
W056,atvhunter,ATVHunter: Reliable Version Detection of Third-Party Libraries for Vulnerability Identification in Android Applications,https://doi.org/10.1109/ICSE43902.2021.00150,publisher DOI record with selected source access where available,linked full text or selected substantive source passages; exact cover-to-cover completeness is not claimed,selected substantive source sections plus bibliographic record; not necessarily cover-to-cover,venue_recorded; bibliography key atvhunter,2026-09-15,not_bundled_by_design,direct DOI locator to publisher record,Records what was consumed for this bounded synthesis; copyrighted full text is not redistributed and interpretation was not independently dual-coded.
W057,tplready,Automated Third-Party Library Detection for Android Applications: Are We There Yet?,https://doi.org/10.1145/3324884.3416582,publisher DOI record with selected source access where available,linked full text or selected substantive source passages; exact cover-to-cover completeness is not claimed,selected substantive source sections plus bibliographic record; not necessarily cover-to-cover,venue_recorded; bibliography key tplready,2026-09-15,not_bundled_by_design,direct DOI locator to publisher record,Records what was consumed for this bounded synthesis; copyrighted full text is not redistributed and interpretation was not independently dual-coded.
W058,libdx,LibDX: A Cross-Platform and Accurate System to Detect Third-Party Libraries in Binary Code,https://doi.org/10.1109/SANER48275.2020.9054845,publisher DOI record or abstract,"publisher or author abstract, bibliographic record, and any selected accessible passage; no full-text completeness claim",publisher or author abstract or selected accessible passage plus bibliographic record; no full-text completeness claim,venue_recorded; bibliography key libdx,2026-09-15,not_bundled_by_design,direct DOI locator to publisher record,Records what was consumed for this bounded synthesis; copyrighted full text is not redistributed and interpretation was not independently dual-coded.
W059,libroad,"LibRoad: Rapid, Online, and Accurate Detection of Third-Party Libraries on Android",https://doi.org/10.1109/TMC.2020.3003336,publisher DOI record or abstract,"publisher or author abstract, bibliographic record, and any selected accessible passage; no full-text completeness claim",publisher or author abstract or selected accessible passage plus bibliographic record; no full-text completeness claim,venue_recorded; bibliography key libroad,2026-09-15,not_bundled_by_design,direct DOI locator to publisher record,Records what was consumed for this bounded synthesis; copyrighted full text is not redistributed and interpretation was not independently dual-coded.
W060,osspolice,Identifying Open-Source License Violation and 1-Day Security Risk at Large Scale,https://doi.org/10.1145/3133956.3134048,publisher DOI record with selected source access where available,linked full text or selected substantive source passages; exact cover-to-cover completeness is not claimed,selected substantive source sections plus bibliographic record; not necessarily cover-to-cover,venue_recorded; bibliography key osspolice,2026-09-15,not_bundled_by_design,direct DOI locator to publisher record,Records what was consumed for this bounded synthesis; copyrighted full text is not redistributed and interpretation was not independently dual-coded.
W061,keepupdated,Keep Me Updated: An Empirical Study of Third-Party Library Updatability on Android,https://doi.org/10.1145/3133956.3134059,publisher DOI record with selected source access where available,linked full text or selected substantive source passages; exact cover-to-cover completeness is not claimed,selected substantive source sections plus bibliographic record; not necessarily cover-to-cover,venue_recorded; bibliography key keepupdated,2026-09-15,not_bundled_by_design,direct DOI locator to publisher record,Records what was consumed for this bounded synthesis; copyrighted full text is not redistributed and interpretation was not independently dual-coded.
W062,developersupdate,Do Developers Update Third-Party Libraries in Mobile Apps?,https://doi.org/10.1145/3196321.3196341,publisher DOI record or abstract,"publisher or author abstract, bibliographic record, and any selected accessible passage; no full-text completeness claim",publisher or author abstract or selected accessible passage plus bibliographic record; no full-text completeness claim,venue_recorded; bibliography key developersupdate,2026-09-15,not_bundled_by_design,direct DOI locator to publisher record,Records what was consumed for this bounded synthesis; copyrighted full text is not redistributed and interpretation was not independently dual-coded.
W063,originsvuln,Understanding the Origins of Mobile App Vulnerabilities: A Large-Scale Measurement Study of Free and Paid Apps,https://doi.org/10.1109/MSR.2017.23,publisher DOI record or abstract,"publisher or author abstract, bibliographic record, and any selected accessible passage; no full-text completeness claim",publisher or author abstract or selected accessible passage plus bibliographic record; no full-text completeness claim,venue_recorded; bibliography key originsvuln,2026-09-15,not_bundled_by_design,direct DOI locator to publisher record,Records what was consumed for this bounded synthesis; copyrighted full text is not redistributed and interpretation was not independently dual-coded.
W064,appcommune,AppCommune: Automated Third-Party Libraries De-Duplicating and Updating for Android Apps,https://doi.org/10.1109/SANER.2019.8668009,publisher DOI record or abstract,"publisher or author abstract, bibliographic record, and any selected accessible passage; no full-text completeness claim",publisher or author abstract or selected accessible passage plus bibliographic record; no full-text completeness claim,venue_recorded; bibliography key appcommune,2026-09-15,not_bundled_by_design,direct DOI locator to publisher record,Records what was consumed for this bounded synthesis; copyrighted full text is not redistributed and interpretation was not independently dual-coded.
W065,tplprecision,Detecting Third-Party Libraries in Android Applications with High Precision and Recall,https://doi.org/10.1109/SANER.2018.8330204,publisher DOI record or abstract,"publisher or author abstract, bibliographic record, and any selected accessible passage; no full-text completeness claim",publisher or author abstract or selected accessible passage plus bibliographic record; no full-text completeness claim,venue_recorded; bibliography key tplprecision,2026-09-15,not_bundled_by_design,direct DOI locator to publisher record,Records what was consumed for this bounded synthesis; copyrighted full text is not redistributed and interpretation was not independently dual-coded.
W066,malicioustpl,An Empirical Study of Potentially Malicious Third-Party Libraries in Android Apps,https://doi.org/10.1145/3395351.3399346,publisher DOI record or abstract,"publisher or author abstract, bibliographic record, and any selected accessible passage; no full-text completeness claim",publisher or author abstract or selected accessible passage plus bibliographic record; no full-text completeness claim,venue_recorded; bibliography key malicioustpl,2026-09-15,not_bundled_by_design,direct DOI locator to publisher record,Records what was consumed for this bounded synthesis; copyrighted full text is not redistributed and interpretation was not independently dual-coded.
W067,tuf,Survivable Key Compromise in Software Update Systems,https://doi.org/10.1145/1866307.1866315,publisher DOI record with selected source access where available,linked full text or selected substantive source passages; exact cover-to-cover completeness is not claimed,selected substantive source sections plus bibliographic record; not necessarily cover-to-cover,venue_recorded; bibliography key tuf,2026-09-15,not_bundled_by_design,direct DOI locator to publisher record,Records what was consumed for this bounded synthesis; copyrighted full text is not redistributed and interpretation was not independently dual-coded.
W068,intoto,in-toto: Providing Farm-to-Table Guarantees for Bits and Bytes,https://www.usenix.org/conference/usenixsecurity19/presentation/torres-arias,official venue page with open-access paper or abstract,linked full text or selected substantive source passages; exact cover-to-cover completeness is not claimed,selected substantive source sections plus bibliographic record; not necessarily cover-to-cover,venue_recorded; bibliography key intoto,2026-09-15,not_bundled_by_design,official venue open-access record,Records what was consumed for this bounded synthesis; copyrighted full text is not redistributed and interpretation was not independently dual-coded.
W069,chainiac,CHAINIAC: Proactive Software-Update Transparency via Collectively Signed Skipchains and Verified Builds,https://www.usenix.org/conference/usenixsecurity17/technical-sessions/presentation/nikitin,official venue page with open-access paper or abstract,linked full text or selected substantive source passages; exact cover-to-cover completeness is not claimed,selected substantive source sections plus bibliographic record; not necessarily cover-to-cover,venue_recorded; bibliography key chainiac,2026-09-15,not_bundled_by_design,official venue open-access record,Records what was consumed for this bounded synthesis; copyrighted full text is not redistributed and interpretation was not independently dual-coded.
W070,sigstore,Sigstore: Software Signing for Everybody,https://doi.org/10.1145/3548606.3560596,publisher DOI record with selected source access where available,linked full text or selected substantive source passages; exact cover-to-cover completeness is not claimed,selected substantive source sections plus bibliographic record; not necessarily cover-to-cover,venue_recorded; bibliography key sigstore,2026-09-15,not_bundled_by_design,direct DOI locator to publisher record,Records what was consumed for this bounded synthesis; copyrighted full text is not redistributed and interpretation was not independently dual-coded.
W071,diplomat,Diplomat: Using Delegations to Protect Community Repositories,https://www.usenix.org/conference/nsdi16/technical-sessions/presentation/kuppusamy,official venue page with open-access paper or abstract,"publisher or author abstract, bibliographic record, and any selected accessible passage; no full-text completeness claim",publisher or author abstract or selected accessible passage plus bibliographic record; no full-text completeness claim,venue_recorded; bibliography key diplomat,2026-09-15,not_bundled_by_design,official venue open-access record,Records what was consumed for this bounded synthesis; copyrighted full text is not redistributed and interpretation was not independently dual-coded.
W072,reprobuilds,Reproducible Builds: Increasing the Integrity of Software Supply Chains,https://doi.org/10.1109/MS.2021.3073045,publisher DOI record with selected source access where available,linked full text or selected substantive source passages; exact cover-to-cover completeness is not claimed,selected substantive source sections plus bibliographic record; not necessarily cover-to-cover,venue_recorded; bibliography key reprobuilds,2026-09-15,not_bundled_by_design,direct DOI locator to publisher record,Records what was consumed for this bounded synthesis; copyrighted full text is not redistributed and interpretation was not independently dual-coded.
W073,reprocontainers,Reproducible Containers,https://doi.org/10.1145/3373376.3378519,publisher DOI record or abstract,"publisher or author abstract, bibliographic record, and any selected accessible passage; no full-text completeness claim",publisher or author abstract or selected accessible passage plus bibliographic record; no full-text completeness claim,venue_recorded; bibliography key reprocontainers,2026-09-15,not_bundled_by_design,direct DOI locator to publisher record,Records what was consumed for this bounded synthesis; copyrighted full text is not redistributed and interpretation was not independently dual-coded.
W074,githubci,Characterizing the Security of GitHub CI Workflows,https://www.usenix.org/conference/usenixsecurity22/presentation/koishybayev,official venue page with open-access paper or abstract,linked full text or selected substantive source passages; exact cover-to-cover completeness is not claimed,selected substantive source sections plus bibliographic record; not necessarily cover-to-cover,venue_recorded; bibliography key githubci,2026-09-15,not_bundled_by_design,official venue open-access record,Records what was consumed for this bounded synthesis; copyrighted full text is not redistributed and interpretation was not independently dual-coded.
W075,packagemanagers,A Look in the Mirror: Attacks on Package Managers,https://doi.org/10.1145/1455770.1455841,publisher DOI record or abstract,"publisher or author abstract, bibliographic record, and any selected accessible passage; no full-text completeness claim",publisher or author abstract or selected accessible passage plus bibliographic record; no full-text completeness claim,venue_recorded; bibliography key packagemanagers,2026-09-15,not_bundled_by_design,direct DOI locator to publisher record,Records what was consumed for this bounded synthesis; copyrighted full text is not redistributed and interpretation was not independently dual-coded.
W076,duanpackages,Towards Measuring Supply Chain Attacks on Package Managers for Interpreted Languages,https://doi.org/10.14722/ndss.2021.23055,publisher DOI record with selected source access where available,linked full text or selected substantive source passages; exact cover-to-cover completeness is not claimed,selected substantive source sections plus bibliographic record; not necessarily cover-to-cover,venue_recorded; bibliography key duanpackages,2026-09-15,not_bundled_by_design,direct DOI locator to publisher record,Records what was consumed for this bounded synthesis; copyrighted full text is not redistributed and interpretation was not independently dual-coded.
W077,backstabber,Backstabber's Knife Collection: A Review of Open Source Software Supply Chain Attacks,https://doi.org/10.1007/978-3-030-52683-2_2,publisher DOI record or abstract,"publisher or author abstract, bibliographic record, and any selected accessible passage; no full-text completeness claim",publisher or author abstract or selected accessible passage plus bibliographic record; no full-text completeness claim,venue_recorded; bibliography key backstabber,2026-09-15,not_bundled_by_design,direct DOI locator to publisher record,Records what was consumed for this bounded synthesis; copyrighted full text is not redistributed and interpretation was not independently dual-coded.
W078,npmworld,Small World with High Risks: A Study of Security Threats in the npm Ecosystem,https://www.usenix.org/conference/usenixsecurity19/presentation/zimmermann,official venue page with open-access paper or abstract,linked full text or selected substantive source passages; exact cover-to-cover completeness is not claimed,selected substantive source sections plus bibliographic record; not necessarily cover-to-cover,venue_recorded; bibliography key npmworld,2026-09-15,not_bundled_by_design,official venue open-access record,Records what was consumed for this bounded synthesis; copyrighted full text is not redistributed and interpretation was not independently dual-coded.
W079,weaklinks,What Are Weak Links in the npm Supply Chain?,https://doi.org/10.1145/3510457.3513044,publisher DOI record or abstract,"publisher or author abstract, bibliographic record, and any selected accessible passage; no full-text completeness claim",publisher or author abstract or selected accessible passage plus bibliographic record; no full-text completeness claim,venue_recorded; bibliography key weaklinks,2026-09-15,not_bundled_by_design,direct DOI locator to publisher record,Records what was consumed for this bounded synthesis; copyrighted full text is not redistributed and interpretation was not independently dual-coded.
W080,legitimate,Le-git-imate: Towards Verifiable Web-Based Git Repositories,https://doi.org/10.1145/3196494.3196523,publisher DOI record or abstract,"publisher or author abstract, bibliographic record, and any selected accessible passage; no full-text completeness claim",publisher or author abstract or selected accessible passage plus bibliographic record; no full-text completeness claim,venue_recorded; bibliography key legitimate,2026-09-15,not_bundled_by_design,direct DOI locator to publisher record,Records what was consumed for this bounded synthesis; copyrighted full text is not redistributed and interpretation was not independently dual-coded.
W081,contour,Contour: A Practical System for Binary Transparency,https://link.springer.com/chapter/10.1007/978-3-030-00305-0_8,publisher version-of-record metadata with linked scholarly text where accessible,"publisher or author abstract, bibliographic record, and any selected accessible passage; no full-text completeness claim",publisher or author abstract or selected accessible passage plus bibliographic record; no full-text completeness claim,venue_recorded; bibliography key contour,2026-09-16,not_bundled_by_design,publisher or official scholarly record plus version check,Records what was consumed for this bounded synthesis; copyrighted full text is not redistributed and interpretation was not independently dual-coded.
W082,text2app,Text2App: A Framework for Creating Android Apps from Text Descriptions,https://arxiv.org/abs/2104.08301,active arXiv record with linked full text,linked full text or selected substantive source passages; exact cover-to-cover completeness is not claimed,selected substantive source sections plus bibliographic record; not necessarily cover-to-cover,preprint_record; bibliography key text2app,2026-09-16,not_bundled_by_design,arXiv scholarly record and workshop-program cross-check,Records what was consumed for this bounded synthesis; copyrighted full text is not redistributed and interpretation was not independently dual-coded.
W083,appforge,AppForge: From Assistant to Independent Developer---Are GPTs Ready for Software Development?,https://arxiv.org/abs/2510.07740,arXiv record with linked full text,linked full text or selected substantive source passages; exact cover-to-cover completeness is not claimed,selected substantive source sections plus bibliographic record; not necessarily cover-to-cover,preprint_record; bibliography key appforge,2026-09-15,not_bundled_by_design,arXiv scholarly record and linked manuscript,Records what was consumed for this bounded synthesis; copyrighted full text is not redistributed and interpretation was not independently dual-coded.
W084,pearce,Asleep at the Keyboard? Assessing the Security of GitHub Copilot's Code Contributions,https://doi.org/10.1109/SP46214.2022.9833571,publisher DOI record with selected source access where available,linked full text or selected substantive source passages; exact cover-to-cover completeness is not claimed,selected substantive source sections plus bibliographic record; not necessarily cover-to-cover,venue_recorded; bibliography key pearce,2026-09-15,not_bundled_by_design,direct DOI locator to publisher record,Records what was consumed for this bounded synthesis; copyrighted full text is not redistributed and interpretation was not independently dual-coded.
W085,perry,Do Users Write More Insecure Code with AI Assistants?,https://doi.org/10.1145/3576915.3623157,publisher DOI record with selected source access where available,linked full text or selected substantive source passages; exact cover-to-cover completeness is not claimed,selected substantive source sections plus bibliographic record; not necessarily cover-to-cover,venue_recorded; bibliography key perry,2026-09-15,not_bundled_by_design,direct DOI locator to publisher record,Records what was consumed for this bounded synthesis; copyrighted full text is not redistributed and interpretation was not independently dual-coded.
W086,sandoval,Lost at C: A User Study on the Security Implications of Large Language Model Code Assistants,https://www.usenix.org/conference/usenixsecurity23/presentation/sandoval,official venue page with open-access paper or abstract,linked full text or selected substantive source passages; exact cover-to-cover completeness is not claimed,selected substantive source sections plus bibliographic record; not necessarily cover-to-cover,venue_recorded; bibliography key sandoval,2026-09-15,not_bundled_by_design,official venue open-access record,Records what was consumed for this bounded synthesis; copyrighted full text is not redistributed and interpretation was not independently dual-coded.
W087,spracklen,We Have a Package for You! A Comprehensive Analysis of Package Hallucinations by Code Generating LLMs,https://www.usenix.org/conference/usenixsecurity25/presentation/spracklen,official venue page with open-access paper or abstract,linked full text or selected substantive source passages; exact cover-to-cover completeness is not claimed,selected substantive source sections plus bibliographic record; not necessarily cover-to-cover,venue_recorded; bibliography key spracklen,2026-09-15,not_bundled_by_design,official venue open-access record,Records what was consumed for this bounded synthesis; copyrighted full text is not redistributed and interpretation was not independently dual-coded.
W088,khoury,How Secure Is Code Generated by ChatGPT?,https://ieeexplore.ieee.org/document/10394237,publisher version-of-record metadata with linked scholarly text where accessible,"publisher or author abstract, bibliographic record, and any selected accessible passage; no full-text completeness claim",publisher or author abstract or selected accessible passage plus bibliographic record; no full-text completeness claim,venue_recorded; bibliography key khoury,2026-09-16,not_bundled_by_design,publisher or official scholarly record plus version check,Records what was consumed for this bounded synthesis; copyrighted full text is not redistributed and interpretation was not independently dual-coded.
W089,codexleaks,CodexLeaks: Privacy Leaks from Code Generation Language Models in GitHub Copilot,https://www.usenix.org/conference/usenixsecurity23/presentation/niu,official venue page with open-access paper or abstract,"official USENIX abstract and selected full-paper passages describing the extraction pipeline, membership-inference filter, and reported privacy outcomes",selected substantive source sections plus bibliographic record; not necessarily cover-to-cover,venue_recorded; bibliography key codexleaks,2026-09-15,not_bundled_by_design,official venue open-access record,Records what was consumed for this bounded synthesis; copyrighted full text is not redistributed and interpretation was not independently dual-coded.
W090,wurepack2026,Android App Repackaging Detection: A Comprehensive Survey,https://doi.org/10.1016/j.csa.2026.100124,publisher DOI record or abstract,"publisher or author abstract, bibliographic record, and any selected accessible passage; no full-text completeness claim",publisher or author abstract or selected accessible passage plus bibliographic record; no full-text completeness claim,venue_recorded; bibliography key wurepack2026,2026-09-15,not_bundled_by_design,direct DOI locator to publisher record,Records what was consumed for this bounded synthesis; copyrighted full text is not redistributed and interpretation was not independently dual-coded.
W091,zengtpsurvey2024,A Survey of Third-Party Library Security Research in Application Software,https://arxiv.org/abs/2404.17955,arXiv record with linked full text,linked full text or selected substantive source passages; exact cover-to-cover completeness is not claimed,selected substantive source sections plus bibliographic record; not necessarily cover-to-cover,preprint_record; bibliography key zengtpsurvey2024,2026-09-15,not_bundled_by_design,arXiv scholarly record and linked manuscript,Records what was consumed for this bounded synthesis; copyrighted full text is not redistributed and interpretation was not independently dual-coded.
W092,reichert2024,Software Supply Chain Security: A Systematic Literature Review,https://doi.org/10.1080/1206212X.2024.2390978,publisher DOI record or abstract,"publisher or author abstract, bibliographic record, and any selected accessible passage; no full-text completeness claim",publisher or author abstract or selected accessible passage plus bibliographic record; no full-text completeness claim,venue_recorded; bibliography key reichert2024,2026-09-15,not_bundled_by_design,direct DOI locator to publisher record,Records what was consumed for this bounded synthesis; copyrighted full text is not redistributed and interpretation was not independently dual-coded.
W093,williams2025,Research Directions in Software Supply Chain Security,https://dwermke.com/pdf/journal-tosem-williams25.pdf,author or institutional PDF,abstract; attack-vector and research-direction synthesis; dependency-reachability limitation; selected conclusion passages in author PDF,selected substantive source sections plus bibliographic record; not necessarily cover-to-cover,venue_recorded; bibliography key williams2025,2026-09-15,not_bundled_by_design,author or institutional manuscript PDF,Records what was consumed for this bounded synthesis; copyrighted full text is not redistributed and interpretation was not independently dual-coded.
W094,cyberrisk2026,Cyber Supply Chain Risk Management: From Threats to Treatment,https://link.springer.com/article/10.1007/s10207-025-01207-9,publisher open full text and version-of-record metadata,"abstract, literature-selection method, threat/treatment synthesis, and conclusion; exact cover-to-cover completeness is not claimed",selected substantive source sections plus bibliographic record; not necessarily cover-to-cover,venue_recorded; DOI 10.1007/s10207-025-01207-9,2026-09-16,not_bundled_by_design,Springer version-of-record page and full-text article,Records consumed evidence for this bounded synthesis; interpretation was not independently dual-coded.
W095,gokkaya2026,"Software Supply Chain: A Taxonomy of Attacks, Mitigations and Risk Assessment Strategies",https://arxiv.org/abs/2305.14157,arXiv record with linked full text,"abstract; literature-review methodology (PDF p. 5); attack, risk-assessment, and control synthesis (selected sections)",selected substantive source sections plus bibliographic record; not necessarily cover-to-cover,venue_recorded; bibliography key gokkaya2026,2026-09-15,not_bundled_by_design,arXiv scholarly record and linked manuscript,Records what was consumed for this bounded synthesis; copyrighted full text is not redistributed and interpretation was not independently dual-coded.
W096,bi2024sbom,On the Way to SBOMs: Investigating Design Issues and Solutions in Practice,https://dl.acm.org/doi/10.1145/3654442,ACM publisher record plus author manuscript,"abstract, methods and data collection, design-issue taxonomy, discussion, and limitations; exact cover-to-cover completeness is not claimed",selected substantive source sections plus bibliographic record; not necessarily cover-to-cover,venue_recorded; DOI 10.1145/3654442,2026-09-16,not_bundled_by_design,ACM DOI record and scholarly author manuscript,Records consumed evidence for this bounded synthesis; interpretation was not independently dual-coded.
W097,bomsaway2024,BOMs Away! Inside the Minds of Stakeholders: A Comprehensive Study of Bills of Materials for Software Systems,https://ieeexplore.ieee.org/document/10548562,IEEE/ACM peer-reviewed publication record and author full paper,"abstract, methodology, challenge taxonomy, discussion, and limitations; exact cover-to-cover completeness is not claimed",selected substantive source sections plus bibliographic record; not necessarily cover-to-cover,venue_recorded; DOI 10.1145/3597503.3623347,2026-09-16,not_bundled_by_design,IEEE/ACM publication record and author-hosted full paper,Records consumed evidence for this bounded synthesis; interpretation was not independently dual-coded.
